CONTRIBUTION ADDRESS,STABLES CONTRIBUTION,KSM EQUIVALENT,USD returned at KSM price $33.32 ,USD returned at KSM price $33.32 (INCL 2.1% FEE),TokenSymbol
0x54a6c8f1b61b767a0bfafe8be302682af632f9b5,10,0.02364345667,0.788,0.7712561769,USDC
0x0739bf8e3fdd8540dc5bb95f32d56b406e0c3e8e,"7,747.64",0.5930221114,19.759,19.34454732,USDT
0x935914ad4a126647af35378384d70c741892a5fa,"10,000",18.31809369,610.359,597.5413451,USDC
0xa9cdf0542a1128c5caca1e81521a09aec8abe1a7,"17,710.74",23.64345667,787.800,771.2561769,DAI
0xfa7195ed3f14e375cf1d6649d1356c61a6dd70d5,"10,000",10.6395555,354.510,347.0652796,USDT
0xd455712e43582134f101a0c686d26548b5438a3b,100,23.64345667,787.800,771.2561769,USDC
0x8d452c1f4bae385b13933c83ecff70d74229915f,"24,245.90",41.87432054,"1,395.252",1365.952061,USDC
0x6a82540ac63046d2f21a159c00d84b84d22bd2b6,"34,000",23.64345667,787.800,771.2561769,USDC
0xc7dbcc064d3284a9320f074617443508b60263cf,"10,000",10.06403085,335.334,328.2915041,DAI
0x56b61aade43b93cc81746acb105812e8e29d90e4,"20,000",0.2364345667,7.878,7.712561769,USDC
0x04c4c25b28f504521b0adf53195ed8e86424ee8b,"2,000",57.32567786,"1,910.092",1869.979663,USDC
0x690a5e2dd1189d03f7f4b8fa64a15863be89b58d,"10,000",60.8814893,"2,028.571",1985.971228,USDT
0x0d60977a04b2a88e33df83f577316c9308a3e5ac,"8,000",0.2955432084,9.847,9.640702211,USDT
0x6a85bf836a4a87ace31aa18d04761287555a178e,500,61.47298735,"2,048.280",2005.26606,USDT
0x655f436c8e140a956ef2cae336e9151721718ad8,"30,000",59.10864168,"1,969.500",1928.140442,USDT
0xacc4c1ea473a576a52483aa72327340587d51925,292.302229,80.38775269,"2,678.520",2622.271001,USDC
0x2a123b4d2a86f71cf5ce5a4b12ad8ef7bb1ecf3d,"33,301.81",23.64345667,787.800,771.2561769,USDC
0x4553ed5d8d3731e629f67bd86abd021175f31848,"1,240",47.28691335,"1,575.600",1542.512354,USDC
0x01cd6fee9da9d3a544f3cf96e5bb73fe6b3f8f5a,874.530442,4.728691335,157.560,154.2512354,USDC
0xe7cafd2364754316b27dd54e66f1d6217843f100,500,36.32298695,"1,210.282",1184.866005,USDT
0xe7cafd2364754316b27dd54e66f1d6217843f100,10,55.31326832,"1,843.038",1804.3343,USDT
0xe92d80a90bc050a12f1c6fbe0e50e1b5a874b595,20,23.64345667,787.800,771.2561769,USDC
0x01cd6fee9da9d3a544f3cf96e5bb73fe6b3f8f5a,"50,000",18.91476534,630.240,617.0049415,USDC
0xee0b0271918ba62b939437af831efc689365112b,"4,985",1.182172834,39.390,38.56280884,USDC
0x5c9bfe30740263dfaef1224fe0fc80ed38c3fae2,100,1.593272784,53.088,51.97300433,USDT
0x6d9a4667e14783282517d0e3ebecf29da808c6de,"300,000",70.93037002,"2,363.400",2313.768531,USDC
0x741b875253299a60942e1e7512a79bbbf9a747d7,"2,000",0.6911035087,23.028,22.54398996,USDC
0x4a895764934ca19652d29630e6da7601a7efbe24,"4,109.73",78.73698629,"2,623.516",2568.422539,USDC
0x3a5adf48e9397b7289f35fc4db6676cf1bd1ff1d,"250,000",1.16798676,38.917,38.10005514,USDT
0x37a16c68736dd9e245707fc68add79ccf2d3d9f9,"250,000",2.931788627,97.687,95.63576593,USDC
0x8091587f4dd6019196e89fe82a5ee40400fa8bf9,147.011917,2.067692261,68.896,67.44870052,USDC
0xddfbaf93ed5056ff616f6b56c56f901eda4b8bed,400,1.182172834,39.390,38.56280884,USDC
0xcb98b2c2c22fcacd12ebf92676172616bb37d43f,"7,193.59",0.02364345667,0.788,0.7712561769,USDC
0x1aa8d27c4ecc7e27f5527ef8d4fa112498789ba6,"23,049.47",0.04728691335,1.576,1.542512354,USDC
0x6221b8772e58e7b114d7b8e4ee400bfa8bf57986,"12,023",118.2172834,"3,939.000",3856.280884,USDC
0xd56ee5ba5a52e15f309108bdd6247c69b4f624c2,"10,000",2.589336801,86.277,84.46489146,DAI
0xc784aa191b4562d4ae860b851461d7fac80acf33,500,0.9457382669,31.512,30.85024707,DAI
0x291e4ebb46c04d87c2fb10582b20e9258a1a83f8,"100,000",11.78626315,392.718,384.4712042,USDC
0xef456ba3b950bd29305e243ee0c2b368339fa3ab,"1,000",11.90676826,396.734,388.4021146,USDT
0x72f56f903ff4ebdf8e16977679649ef9e60a9598,"10,000",0.6927532805,23.083,22.59780598,DAI
0x479d4678258ef00be5c5653e676418124e0dd065,"4,293.79",3.554290282,118.429,115.9419442,DAI
0xda566a55005d0fea14fec7c129cc32c1203cd51f,"1,243,376.74",0.2364345667,7.878,7.712561769,USDC
0xe62229174b79e20209a964cd0552b99cb3e679b3,500,23.10911455,769.996,753.8257873,USDT
0x0f8c20740d31d99484e625c8b5ea7bb5d18b122f,"10,000",2.465478832,82.150,80.42460983,USDT
0x1c051112075feaee33bcdbe0984c2bb0db53cf47,"270,549",709.3037002,"23,633.999",23137.68531,USDC
0xf681e0c98e54943d4dfa634fdadc17ed8a0e73dd,"3,978",4.728691335,157.560,154.2512354,USDC
0x96e3e323966713a1f56dbb5d5bfabb28b2e4b428,275,11.94115399,397.879,389.5237868,USDT
0xe1a16274d48bfded0db57ff6534caa270ff1f637,"10,000",0.04776461597,1.592,1.558095147,USDT
0xabca2289f0d03773e8b102248997e854aa36cd21,421.695624,9.814983471,327.035,320.167509,USDC
0x65685914465e7f6e70624b8bbd1c66be0411923e,"1,000",0.0007992835308,0.027,0.02607285257,USDT
0x4a4b9a1553dadb071fe6a53bfe909ec08cb6ce35,"1,000",0.4259760628,14.194,13.89545844,USDT
0x2d0cedaab10b02786d18023a07af0861fc2b079f,970.42,0.9348675375,31.150,30.49564083,DAI
0x2d0cedaab10b02786d18023a07af0861fc2b079f,100,0.7731611793,25.762,25.22073415,USDT
0x6221b8772e58e7b114d7b8e4ee400bfa8bf57986,"10,000",119.4115399,"3,978.793",3895.237868,USDT
0x33da9340402a97398d3c47b04031eac169674419,"2,000",14.32938479,477.455,467.4285441,USDT
0xc6db1db370fb85b72610947e536c3e7599b42e72,"79,733.66",597.0576997,"19,893.963",19476.18934,USDC
0x54b55662901af57b31fb6b52af8175b652a5816e,110,597.0576997,"19,893.963",19476.18934,USDC
0xa25a1e84befc5ff5ec562af1409dc8994e91eda7,"1,000",0.3510983879,11.699,11.45292772,USDC
0xbe3a04a2683073422ea8db63011e70166f32438e,"30,000",0.9552923194,31.830,31.16190294,USDC
0xcf304823d4d0d8822648a66adbf67bc57f6dd350,"8,702.15",17.17995423,572.436,560.4149174,USDC
0x75c6a16c453fb81a7c4e8721e3541934867b451c,"60,262.66",55.04746536,"1,834.182",1795.663733,USDC
0x115143bd6eb248bb9dee04bb96aed0637f7b5990,"2,000",0.2674818494,8.912,8.725332824,USDT
0xb212f44df6970f25d80e1b91b7bf3e8a9ae93c2d,"1,000",28.71369889,956.740,936.6488977,USDC
0xb212f44df6970f25d80e1b91b7bf3e8a9ae93c2d,9.999806,23.88230799,795.759,779.0475736,USDC
0x97b102e00d88f02debfd6b1e4b901dd6931bb982,"5,000",1.239771882,41.309,40.44170593,USDC
0xa4fdc2103b412cc142bd7715dabab06f08ef842b,201.719956,247.9543764,"8,261.840",8088.341185,USDC
0x672ad3627e357d3fd06472c316f6075f0dcae553,6.617335,24.74697292,824.569,807.2531858,USDT
0x542f5de6a607621fa3cf3083a445a249007ecf8e,215,2.479543764,82.618,80.88341185,USDC
0x4f3936c02c5be0112747cc19311b5074bbed8475,749.033323,1.160093434,38.654,37.84257265,USDT
0x23b85204dfda7477371998727109fd89dcd3fcf1,100,24.79543764,826.184,808.8341185,USDC
0x8e2160a024ca85810e5bafba77ea332800c2b231,994.92079,10.64664454,354.746,347.2965258,USDC
0x3afd89fa00827c5195265d537a5a29172cee5b3a,"19,488.97",4.339201587,144.582,141.5459707,USDT
0x7421698e7e607d399e5a5d7a727886d39a6432f3,197.210417,2.479543764,82.618,80.88341185,USDT
0x354029b0d5c417fed5f22522d3a1325b5397df8e,10,1.239771882,41.309,40.44170593,USDT
0xbbddd093d7c303eabedd9efc81d1c70f28dd17e8,"10,000",3083.007037,"102,725.794",100568.5528,USDC
0xe89798bf02929545eeeb4e26d2aa49b2decb894f,"1,000",1.239771882,41.309,40.44170593,USDC
0xa911ccf5f6c7bd5fb25188d41a536890c3c8fae5,10,29.74066143,990.959,970.1487033,USDC
0xbbddd093d7c303eabedd9efc81d1c70f28dd17e8,10,804.630621,"26,810.292",26247.27615,USDC
0xe6c58978d013b757eb315bd6fd776bee2ee2b63c,"2,015.18",11.83083512,394.203,385.9251542,USDC
0x3247da930721fadf467dcfaa2e211fa309381371,672.951816,0.8178681894,27.251,26.67908934,USDC
0x2549bb64f069a4c1f02e80a6707486b689f8faab,119.620387,1.020103191,33.990,33.27605172,USDT
0xcb114805b901f7a9c38d5675272ef26459a7d805,"5,000",29.74066143,990.959,970.1487033,USDC
0x2221ceace30dbae7e209888452d29e711cb5741d,"1,786.43",1.254150678,41.788,40.91074628,USDC
0x2cb644a9299f95f427a6a32b9b8f37b0d6720043,315.821518,2.974066143,99.096,97.01487033,USDC
0xf84cc4ed45f00c98e1739fd31f7533cafc249544,118,2.974066143,99.096,97.01487033,USDC
0x9349c8c39dd1d5a6271861ce6f9974b2b76142bc,10,2.886093267,96.165,94.14517047,USDC
0xeeff483b297016938400575043752a2d10d7579a,"1,500",89.2219843,"2,972.877",2910.44611,USDT
0x679b4172e1698579d562d1d8b4774968305b80b2,"1,095.17",0.2974066143,9.910,9.701487033,USDC
0x951b6d50d07c39b0f97a7bb2f5c1e96f07a093d3,"1,095",29.74066143,990.959,970.1487033,USDC
0x2221ceace30dbae7e209888452d29e711cb5741d,5,5.948132286,198.192,194.0297407,USDC
0x461e76a4fe9f27605d4097a646837c32f1ccc31c,"10,000",237.1331702,"7,901.277",7735.350409,USDC
0x11ea74a088d280c77147f78c54c05e372c8d1653,"5,000",0.3271472758,10.901,10.67163574,USDC
0xb27226ce5f123f91514ae3955e5cfeb7b9754981,"38,000",2.974066143,99.096,97.01487033,USDC
0xcf63e1c31805254b6fb3ed7829206c2b2505e3a7,"1,040",89.2219843,"2,972.877",2910.44611,USDC
0x98dc82470cd96449eff7a21837644e8a0b83f40e,"1,557.59",25.88077016,862.347,844.2379694,USDC
0x3fd1ddf28f604cfe5fefa3adc38e38be2f7208d6,"7,985",179.2251428,"5,971.782",5846.374341,USDC
0x428700e86c104f4ee8139a69ecdca09e843f6297,"2,000",5.948132286,198.192,194.0297407,USDC
0x55aea4cd456478d56f598e06a0db228192d5eb84,"1,000",2.974066143,99.096,97.01487033,USDC
0x07deef8ad7d095b45de4a2b39ca7d9f8aa7d4022,"5,936.70",0.02974008446,0.991,0.9701298824,USDC
0x5e7ec7c027092fdf2ce384dd217c37f434f78a57,"5,000",0.6046552068,20.147,19.72402215,DAI
0x289c23cd7cacafd4bfee6344ef376fa14f1bf42d,259.98,14.87033072,495.479,485.0743517,USDC
0x467ba5774af9b509af745a0870fcfabb34acfcc8,"4,962.34",0.5999284916,19.99,19.56983537,USDC
0x2549bb64f069a4c1f02e80a6707486b689f8faab,"3,904.26",0.6782785689,22.600,22.12563683,USDT
0x7ae02e3871f38d0ba4a5192d97621ba52083fd06,483.18,5.948132286,198.192,194.0297407,USDT
0xf3f49dd68586335ee3b01a86368043508c962c2a,"1,000",0.01968039198,0.656,0.641979897,USDC
0x453721d8f20513944a0edc7230ec2709552f7e17,"3,582.15",1.093464594,36.434,35.66912122,USDT
0x4dace5a18a8c9d4d5f0a01269df49e3cc2b52750,501,0.6394242208,21.306,20.85819712,USDC
0xb79786b11fa27df856ba58fb9f8f2cfa2f790522,"1,355.52",1.189626457,39.638,38.80594813,DAI
0x22d7d38717474569ea63cbda595f4bbc0f1b640d,"1,000",2.227674646,74.226,72.6673707,USDC
0x825c6a3983fef62030693e6ee90267747bcfbd8c,"1,025",0.02974066143,0.991,0.9701487033,DAI
0x0dec50b958d51fa29df7767e7298be834a897135,500,0.2974066143,9.910,9.701487033,USDC
0x42edc9e6a511bcc25503e1eff7ca77b635fb39ba,40,2.958960237,98.593,96.52211143,USDC
0x07a1f6fc89223c5ebd4e4ddae89ac97629856a0f,"10,000",57.96149185,"1,931.277",1890.720093,USDC
0x8d5f05270da470e015b67ab5042bdbe2d2fefb48,"1,790",0.5865168243,19.543,19.13234303,USDC
0xae7ae37d9d97abc1099995036f17701fd55cefe5,"1,500",5.825785667,194.115,190.0387597,DAI
0x2ff0ad27418a9d211cad22e0c11a1255abb5b3aa,"1,000",0.02952988424,0.984,0.9632730924,USDC
0xcbe33f591c334507b698de21e9b6eecb1b73e7ec,75,29.52988424,983.936,963.2730924,USDC
0xb7d9945166e3da89ee4c0947230753d656d116a5,"17,266.33",2.952988424,98.394,96.32730924,USDC
0x70e29afdccdd6012e4785f60168e46a68f4b1a42,388.256267,1.719262317,57.286,56.08281819,DAI
0x52d597334a853cfc0e5afde7e813ae5a7e965176,10,0.02952988424,0.984,0.9632730924,USDC
0x52d597334a853cfc0e5afde7e813ae5a7e965176,"3,009.01",0.02952988424,0.984,0.9632730924,USDC
0xa1d3aebf32163c96ef9a5ebaa38981e04ea41365,"1,200",5.950799991,198.281,194.1167619,USDC
0x74b4b8c7cb9a594a6440965f982def10bb9570b9,"1,636.45",1.987218923,66.214,64.82363768,USDC
0x09988e9aeb8c0b835619305abfe2ce68fea17722,"172,470.84",0.3532376181,11.770,11.52271001,USDC
0x3465d93b84ed7557d42d84cb7c8999fc3db2113d,"18,225.46",14.76494212,491.968,481.6365462,USDC
0xb032f8989e7634c6f5660155662f6d8c14a22ef1,"4,932.40",5.275299749,175.773,172.0817549,USDC
0x231919835aa6c37092ba56200e477a39d31f25b2,"3,000",0.9326172868,31.075,30.42223703,USDC
0x1d80767d1c03286843212076333d8252f2044b16,"11,775",0.09699192828,3.232,3.163903858,DAI
0xadff0346501fbf58b193d1be7dbff16eb3be2754,"155,000",0.3484526341,11.610,11.36662249,USDC
0x71a15ac12ee91bf7c83d08506f3a3588143898b5,"500,181.14",0.2982518309,9.938,9.729058233,DAI
0xcf6c9980cdbbc3abdcc2ef896323fcdbb6159df1,50,0.02952988424,0.984,0.9632730924,USDC
0x01ffcc7285866e5cee14c8e807cb2e8d5f61079f,"55,000",29.52988424,983.936,963.2730924,DAI
0x9325564ade7683706107685cf1993678b1163261,"1,000",4.429482636,147.590,144.4909639,USDC
0x65b8ee88cd729b00c574884f3404678bac479dab,957.273326,3.234022962,107.758,105.4947346,USDC
0x182a72b9dd205177ad9c31fafb824195cc69fbe5,"1,000",0.002952988424,0.098,0.09632730924,DAI
0x3cd5c6d4248bed58495ac94945a12face2b6f198,210,3.233522325,107.741,105.4784036,USDC
0x6a815735471dbd0f85c51b115b728a247abe0cf4,560,0.01476494212,0.492,0.4816365462,USDC
0xc08c7d598fb8026a8bbd698ee0d5a0199db880ff,"10,434.09",29.52988424,983.936,963.2730924,USDC
0x3bb3fc70627c457093159a9125dc836c40d9acd8,"2,200",14.76494212,491.968,481.6365462,USDC
0x7f7b32c998083d66de56602d75bc820b768c721b,"2,000",112.2135601,"3,738.956",3660.437751,USDC
0x0aa2ccbf88c4e03fb25e0e6a7219a7ae9764380a,"1,692.50",3.071107961,102.329,100.1804016,USDC
0x4a6b57491c6537abaad435ec4c48f7452817ac94,"9,960",139.0798488,"4,634.141",4536.82361,USDT
0xa3d3b7f97ab0aca3072a4161851db89bcb292f7f,300,1.476494212,49.197,48.16365462,DAI
0xecf74b69aad56feaf896b8d71b7b4303dce984da,"5,001.99",4.599549182,153.257,150.0385822,USDC
0xa1d3aebf32163c96ef9a5ebaa38981e04ea41365,"10,000",23.57961257,785.673,769.1735643,USDC
0xe41a11a4cb8a5a57d3bee3719c391435af29b978,478.781262,6.130385755,204.264,199.9748998,USDT
0x6eca078edc94b955d38f826cb46ba1407cda152d,"40,000.00",5.905976849,196.787,192.6546185,USDC
0x8090bb265b6d4f2cd21b8d154a47ea74260d3390,500,2.967942668,98.892,96.81512085,USDT
0x5b06b44a66e5345661f6e4596f3a20da19eec1ee,"10,000",13.87785224,462.410,452.6994258,USDT
0x864a2b0f12b90a8dfd38f5e93ac6dc169dc0df5c,900,2.952988424,98.394,96.32730924,USDC
0x813d2bde8609df7077e8944a20db4eb21bc3f04f,"2,000",0.1624143633,5.412,5.298002008,USDT
0xf2e2c98164ac3f4931ce56e2721d44a00455e55f,"1,975",7.677769903,255.823,250.451004,USDT
0x2fa2cf37b1a330389b1cf8b985f71ff76a980ac4,"38,428.60",2.952988424,98.394,96.32730924,DAI
0x415fce36e2dc12421f20b93dbad1dd68bd2f6db6,330.053732,17.53101715,584.133,571.8666882,USDC
0xa3b31b5292600d48172cfe3b588a8406a41f42b7,"1,000",14.76494212,491.968,481.6365462,USDC
0xf9263986be319e0444b600a73501ef7689cdb022,"200,000",59.2634361,"1,974.658",1933.189879,USDT
0x087de07b6e716185b8eb4f707818d4b6fe1bb794,"2,500",2.362390739,78.715,77.06184739,USDT
0xa911ccf5f6c7bd5fb25188d41a536890c3c8fae5,"10,000",29.52988424,983.936,963.2730924,USDT
0xd56ee5ba5a52e15f309108bdd6247c69b4f624c2,"6,000",8.858965273,295.181,288.9819277,USDT
0x0c387030a5d3acdcde1a8ddaf26df31bbc1ce763,"6,928.76",0.7677179305,25.580,25.04317386,USDC
0xcb726f13479963934e91b6f34b6e87ec69c21bb9,"60,000",14.76494212,491.968,481.6365462,USDT
0x197305c1f2266dfcfffe52dea4b2b6ed2ec7d3b7,"1,368.26",5.905976849,196.787,192.6546185,DAI
0x14eecf2f25d695d29596732f7523b5e1274660d9,"10,000",14.65372756,488.262,478.0086961,USDC
0xe225c1296fd172f7dab917421f87e8cfa18a9f20,"50,000",14.76494212,491.968,481.6365462,USDT
0x949da077579dee261b08f729b2f70a2c2c123495,"3,457",5.905976849,196.787,192.6546185,DAI
0xfcfd3601862c7f5c6d2f743e0d4c28211b45d704,"34,911.55",0.8858965273,29.518,28.89819277,USDT
0xa3f2d88fb722d4f2a082edbf98354b81dc34829e,"75,203.76",11.52923266,384.154,376.0867977,USDC
0xa7a9e6137d2582fc8bddad6a6daeb8fb985396f2,"86,596.54",4.332102923,144.346,141.3144104,USDT
0x0da5709210763a8e4840add60672d2bff8e534f8,"9,885.42",1.426824947,47.542,46.54342928,USDC
0x03db74df4ef8b29fe210abcf027c757747c14f00,"1,600",2.952988424,98.394,96.32730924,USDC
0xa3f2d88fb722d4f2a082edbf98354b81dc34829e,"1,000",10.57804074,352.460,345.0586507,USDC
0x62e560167c333fb919034d1bd3a286f3104b0d3f,"3,032.11",2.067091897,68.876,67.42911647,DAI
0x79252d8f9019f08012881ce1d71af86879351fa8,"5,000",1.479447201,49.295,48.25998193,USDC
0x1877a64a37778e58ac2646107ece72a24d07021d,"1,000",0.009936871013,0.331,0.3241435148,USDT
0x9bcc57d24f1d154f73c19e92c78ae87b86683cfe,"53,454",2.952988424,98.394,96.32730924,USDT
0x5280537847c00723a2e710349390bff199661cd3,113,4.002836466,133.375,130.5736463,USDC
0xcab5b71ef27aa7427ec7a87d95ffc0e7e3434565,600,2.952988424,98.394,96.32730924,USDC
0x8aa60881dde54833fd2e2186ee7a9661440c16a1,"1,000",3.026813135,100.853,98.73549197,USDC
0xcec771b3ab9204c4eb0b731111658e7c8ba539cf,"1,045.00",1.476494212,49.197,48.16365462,USDC
0x92d7aac06d1f44e3153b1c89f6c3d918d906691c,900,7.382471061,245.984,240.8182731,USDT
0xa92a40457e419c5ec245a646da09112cdcc6cfb6,825.883282,0.118119537,3.936,3.853092369,USDC
0xd384f5d32ae6fd285a63f5232ff10f1696919233,"323,163.31",0.01767574526,0.589,0.5765877597,DAI
0x3c8cbd613857965267bcd4bdec7b794dd53969a0,"1,324.08",29.52988424,983.936,963.2730924,USDC
0xe57afd4faedae0862d95ab713a053df0136f6ba2,203.47288,0.01916489487,0.639,0.6251642369,DAI
0x8f701b0732750378c7773bb07324a90e221bdc30,500,15.53008353,517.462,506.5956731,USDT
0xf7f1852a70278fe87e42a8aa1e93b94244b8b13a,51.13594,5.285849279,176.124,172.4258835,USDC
0x44be98130fb63eb3a068929ef3a102f15c2e6159,200.584228,4.429482636,147.590,144.4909639,USDC
0xa7a9e6137d2582fc8bddad6a6daeb8fb985396f2,"17,975",13.64783324,454.746,445.1961417,USDT
0x4cf8be01027ad66c4939181a5b8c5b2b281771f0,250,2.742731761,91.388,89.468678,USDC
0x1cf6012cabeeb53d84fb33c05e2c2b6a3478eef7,"2,769.76",0.2057048821,6.854,6.71015085,USDC
0x142f5aa531b69b10b04a7a53cb9f318d894bd4a4,"2,115.96",47.35691953,"1,577.933",1544.795975,USDC
0x1bc3e2c44e0b2dabb1b06a1890273571825d3e03,"5,000",1.064882795,35.482,34.73677493,USDC
0x1a60eb1065aea0d4b78ce2859b6977ac417d3aab,"2,765",0.02742731761,0.914,0.89468678,USDC
0x248eec608eaba4a9552852d433d72354c7c797a9,"2,068.04",8.252895485,274.986,269.2117615,USDC
0x46ea2f0f383348d76ae5e64277f084ede90eea12,"25,000",3.291278113,109.665,107.3624136,USDC
0x849693d92facf44a5d729e5f894d5a3ebc51a4c8,"1,100",4.488353097,149.552,146.4113347,USDC
0xf4ca35df279677654515d41aca6bc75e79731a4b,"2,808",473.0412644,"15,761.735",15430.7385,USDC
0x9fa0a37f9d8f8b4cbbfdaf25c441167d19b2ed85,"1,000",49.98754152,"1,665.585",1630.607601,USDC
0x388b2d29e7919d45b1b8f6e88b8a13a392f97b40,"1,000",13.52825469,450.761,441.295456,USDC
0x196eb61840ca3165a9940d6b078eea73480940a6,"7,556.70",2.626689213,87.521,85.6833376,USDT
0x21e743cfeb7c1104c30254d575819a81cb0a8673,"3,978.92",8.228195283,274.163,268.406034,USDC
0x9fa0a37f9d8f8b4cbbfdaf25c441167d19b2ed85,"9,990",32.29566648,"1,076.092",1053.493683,USDC
0xbbddd093d7c303eabedd9efc81d1c70f28dd17e8,"1,140",425.1234229,"14,165.112",13867.64509,USDC
0x01ffcc7285866e5cee14c8e807cb2e8d5f61079f,"29,052.20",13.93262184,464.235,454.4860256,DAI
0x9d3bea971d35027e5e1472a871f97e3b238f37a9,988.122989,0.2786524368,9.285,9.089720512,DAI
0x5f2f6ce97c7e1cff7032ab46dd1c8b1dfa78dffe,"5,429.59",1393.766936,"46,440.314",45465.06772,USDC
0x8d520d016246f31fe7a676648f1fd5e55ec5562d,"2,438.78",0.1342588242,4.474,4.379560437,USDC
0x8d520d016246f31fe7a676648f1fd5e55ec5562d,"4,041.24",0.1342588242,4.474,4.379560437,DAI
0x8d520d016246f31fe7a676648f1fd5e55ec5562d,"1,000",0.09398117691,3.131,3.065692306,USDT
0x1fd18bebcd1dde8be03429c31500a528cb9793ed,"83,272.44",147.6847066,"4,920.854",4817.51648,USDC
0x17d60e33385700247741d8a0c2db0d4ac28130d7,"1,989.55",2.685176483,89.470,87.59120873,USDC
0x4e4aa5af3212ee1374440c6f82797c462f90c8a3,500,2.570447823,85.647,83.84872771,USDC
0x3f9594a4b4803e337a08e27195a1f4e1d70aadfe,10,1.342588242,44.735,43.79560437,USDT
0xa911ccf5f6c7bd5fb25188d41a536890c3c8fae5,"16,000",26.85176483,894.701,875.9120873,USDT
0x4a6b57491c6537abaad435ec4c48f7452817ac94,"3,128.13",2.685176483,89.470,87.59120873,USDC
0x78c3b4cec856668c57f6d3f08c90eb63a9a71380,"3,108.92",0.5638870615,18.789,18.39415383,USDC
0x541d18545434932a5855535c1ea6b988bcd9dfc6,"2,007.53",1.503698831,50.103,49.05107689,USDC
0x2e5745f3136e1023b7db402f2f20d59ece802f4a,"2,012.24",0.1340799243,4.468,4.373724672,USDT
0x4c7af76438de653dcb7a0948208e48206cbfe7ce,"1,500",28.01738088,933.539,913.9348091,USDC
0x90e91f8e98d88fb6d2dac44c64d0c22af606c0a6,"10,050.00",5.907388263,196.834,192.7006592,USDC
0x231919835aa6c37092ba56200e477a39d31f25b2,150,5.370352966,178.940,175.1824175,USDC
0x12c15fafa41d6d427f7d89a68b3d69bf94b9fe6a,50,4.544661198,151.428,148.2481208,USDC
0xe24f1714203518c0972f9e81286e273b445980b5,500,100.6941181,"3,355.128",3284.670327,USDT
0x2d6b114c77f3355f204c37f657c680157e85dfa5,"117,652.64",26.74435777,891.122,872.408439,USDC
0x1bc8822b33a51e27b8bf1d7b51653c1ebea84aa3,300,0.805552945,26.841,26.27736262,USDC
0x2c3459fb7a2d3fdac8941cd7a5367c627f10fc6d,"138,024.20",0.0805552945,2.684,2.627736262,USDT
0x33ff13345df3a650c0136cdafaf0ec190ce502d6,"1,030.82",13.43122351,447.528,438.1302718,USDC
0xb995f0daae04ab22071874770f3de8902978bc42,"10,578.89",3.459090813,115.257,112.8365109,USDT
0xfe4229f3d4cc851c94d2d13c74441426ea2e5bd4,"2,465",1.879623538,62.629,61.31384611,USDT
0x50bd960d37efeb62989a93821aa886c6042f9df1,"1,190.85",26.85176483,894.701,875.9120873,USDC
0x31e0bd55b7d810141df3f708d6f27eedc2b8e4c0,"1,258.49",1.285612185,42.837,41.93702946,USDC
0x903f4afc0963fb4ef3a37355492c40ac5ea582d4,"3,000",107.4070595,"3,578.803",3503.648354,USDC
0x10aeda815442c83aad7ba990aeace28ad5cfe8cc,"1,650",2.604621189,86.786,84.96347247,USDT
0x0d60977a04b2a88e33df83f577316c9308a3e5ac,"2,849.52",0.5932075024,19.766,19.35059483,USDT
0xe87945b5350f37e06039432337f417aabbfd4882,"256,398.87",0.003087952956,0.103,0.10072989,DAI
0x8bc6b3fd67be8d0ad383b71e6f6b1fbafe0716e8,474.5,1.342588242,44.735,43.79560437,USDC
0x22390abaa52d4be608b4530dc1522adc01898c3a,"6,005.44",26.85176483,894.701,875.9120873,USDC
0xac2c6ac3cc453e1f62758b4f5a5f6a19acf7964f,"5,000",11.86848006,395.458,387.1531426,USDT
0x189c415968ea2f62f6430d5050df872221633340,530,3.604170226,120.091,117.5690419,DAI
0x5812602b6427e3dae54df18188bd78e428ca9184,"12,500",2.416658835,80.523,78.83208786,USDC
0x84bb8f4998527aaf4cf5633bb2743533310600bb,150,26.85176483,894.701,875.9120873,USDT
0x38910403c3e3eaddcc771190ce154842f219db10,"2,388.02",5.370352966,178.940,175.1824175,USDC
0xfc0ac081405ad9b335d6a2d5a0812a4959ad4372,"5,000",16.1110589,536.820,525.5472524,DAI
0x2ef0782745b9890c2d1047cbd33be98e22ec35a2,970,5.303223554,176.703,172.9926372,USDC
0x444e66a8dd6d8f3d7a370045f0f056a4377e4a59,"80,000",2.232104561,74.374,72.81187576,DAI
0x5e812a00a2351810156f9b49d7554a7fb8c0ee26,"10,045.43",1.342588242,44.735,43.79560437,USDT
0xa36299f53c37c6ddcd2c59f84ec9bba9025c3f5f,"1,250",1.090181652,36.325,35.56203075,USDT
0x14ee81f2095197322229389ff92587623b2bec5c,"1,000",13.42588242,447.350,437.9560437,DAI
0x292c13392fafc0d16dc45586eb317a038dd94d36,"5,000",2.618400577,87.245,85.41295998,USDT
0xa5025faba6e70b84f74e9b1113e5f7f4e7f4859f,"2,000",103.187573,"3,438.210",3366.007524,USDC
0x09e510498ae3fc6d06a0a24f85d988e413d0854d,"10,453.13",0.8862525194,29.530,28.90980533,USDC
0x11a8a0335bdd466efc827301abf20f9869f55253,"7,000",2.685176483,89.470,87.59120873,USDC
0x340c02c07329fdf2f7aa1523c3c67c29ae35cdcf,,2.092719144,69.729,68.26508444,USDT
0xafaf4434759c170929c95419b6b3105051eabe06,,10.63077284,354.217,346.7787866,USDT
0x201b5abfd44a8f9b75f0fe1bae74cdac7675e54b,,537.0352966,"17,894.016",17518.24175,USDC
0x8d4a9c9300d300b64e012430efcbb1f6f1fe6782,,6.523497638,217.363,212.7983195,USDC
0x2e6bbd0f771146ad702d63dbda859a47533e3003,,8.321373588,277.268,271.4455364,DAI
0x5899275c5ec1f45018eafeba5a9a7e59f0ed3bc7,,88.71956788,"2,956.136",2894.057146,USDT
0x5899275c5ec1f45018eafeba5a9a7e59f0ed3bc7,,2.609399055,86.945,85.11932782,USDT
0xedf7b675a2fe3c27efb263fb4c204a3f0fb17d46,,26.09399055,869.452,851.1932782,USDC
0xc5b46513ea71294ba740e115f88b697c26d25c8b,,15.65639433,521.671,510.7159669,USDC
0xd34eccaf180a75b56ce98d0c414d3fc03a820f58,,18.07990548,602.422,589.7715792,USDC
0xf486d56cce70c481b3455af901fcc4f03fee8107,,156.5639433,"5,216.711",5107.159669,USDC
0x0c1f2b70c3448220e9e8ab864c3b378dd81342ce,,3.570328985,118.963,116.4651312,USDC
0x5e03abc56a207c0894c7e79f4195f0695dea32df,,26.09399055,869.452,851.1932782,USDC
0x643430283b19fa5bd70a1138b495c2b43523cdd5,,130.4699528,"4,347.259",4255.966391,USDC
0x3ecd0359496f9a49a1b11eb50bb603c262ff4218,,9.020692535,300.569,294.2575163,USDC
0x3d37cfa2e89a04b3704bd64bc2c9ab9dcd448b9a,,91.09816477,"3,035.391",2971.647642,USDC
0x9ade31f7baabf784a94200abce297df859eb3350,,196.2366313,"6,538.605",6401.293858,USDC
0xaaf37a1b5f2a38fbb562f6383cf66a7ebe0b00ad,,2.546773478,84.858,83.07646395,USDT
0x773d161310d07cafc6f767ca24f43e52163b9be6,,225.9649188,"7,529.151",7371.038921,USDC
0x773d161310d07cafc6f767ca24f43e52163b9be6,,34.54106647,"1,150.908",1126.73926,DAI
0x5a3c1249d03488f53bbc30b5a833a390372095ae,,25.79500708,859.490,841.4403537,USDC
0x01c9f4268beb4c049ac81e0a1d8e6970078601b1,,1.017665632,33.909,33.19653785,USDT
0x3b7a7674a43936e9f0d4aa98bc73f990cd726029,,5.312072985,176.998,173.2813081,USDT
0xb3ee59b941b6c76e8d7bad0f6ca503cce0566632,,4.175038489,139.112,136.1909245,USDC
0xfa6aef4656862b2b4c24764522172784eff57390,,2.609399055,86.945,85.11932782,USDC
0x12d195e2585dbff7c75a9533c03f7fad60d42202,,3.901051588,129.983,127.2533951,USDT
0xe41a11a4cb8a5a57d3bee3719c391435af29b978,,11.61104833,386.880,378.7556475,DAI
0xf08d882ae658fbfcb6cb88b822182c3e05940aed,,1.797610467,59.896,58.63855677,DAI
0x63f0a3660170a5c9cd4ca7b28b82f0011ffb37c4,,7.91198497,263.627,258.0911651,USDC
0x3f9594a4b4803e337a08e27195a1f4e1d70aadfe,,0.1482608355,4.940,4.836309968,USDT
0x243e23c83135ca0fed2f9f5df9068de644929433,,13.04699528,434.726,425.5966391,USDC
0xef090f7e575d421c6b9da4e9da9776bee771caff,,2.609399055,86.945,85.11932782,USDC
0x18637e9c1f3bbf5d4492d541ce67dcf39f1609a2,,0.2609399055,8.695,8.511932782,USDT
0xc59821cbf1a4590cf659e2ba74de9bbf7612e538,,139.4828171,"4,647.567",4549.968549,USDC
0x788f7a5eb84cf256de67d5629d146a9654356f8c,,0.2948620933,9.825,9.618484044,USDC
0x75d228291f2670546549563569d25ab1840fa897,,5.218798111,173.890,170.2386556,USDT
0x99b476d2d2a1d13b81454a11c81ab8211b18902d,,13.04699535,434.726,425.5966414,USDT
0x649e6e22ac45129889eac16f2d97c233ef0c3ea0,,1.565639433,52.167,51.07159669,USDC
0xa7b66856b34bc50b0d52944dd1697fe0f5702f64,,2.609399055,86.945,85.11932782,USDC
0x0e224d54a12d4934a036b671fa051e363b4521e4,,2.726822099,90.858,88.94970038,USDC
0x875a7dfc5749eacfc5f2725e717d7b17cd5492fa,,3.131278866,104.334,102.1431934,USDT
0x6ae03180afab253c939397fd6d9d3975cb372707,,2.609399055,86.945,85.11932782,USDT
0xac98d36783266bc4fbae14751c69aff811406932,,2.34845915,78.251,76.60739504,USDC
0x20961aa837950d9c8761dd21c42c2ab41eba84b5,,2.155059056,71.807,70.29862982,USDC
0xbbddd093d7c303eabedd9efc81d1c70f28dd17e8,,780.6029187,"26,009.689",25463.48578,USDC
0xa5e47ccf086cf986847a32b3402fce810bbc30be,,3.198315445,106.568,104.3299454,USDC
0x1a247288c2c33701ec69d6e61db10f1d17f7a1a1,,0.491489967,16.376,16.03254034,USDC
0x788f7a5eb84cf256de67d5629d146a9654356f8c,,1.207753011,40.242,39.39724139,USDC
0xc343b65ec11dfb5dbe0f1d3af4b1a201fbe7de9b,,12.01955797,400.492,392.0813463,USDT
0x1a247288c2c33701ec69d6e61db10f1d17f7a1a1,,0.123519171,4.116,4.029229944,USDC
0xc5d25184bfbb97b9811280e1113b1ba04320bedf,,0.4845124107,16.144,15.8049305,USDC
0x597c1ab2f0dc3b5fa6b1fbcd08c65f6e0e60c5c9,,43.41872075,"1,446.712",1416.330828,USDC
0x78810ef439d6e1066f65fde217ed7d4a9721d4b1,,0.6038765055,20.121,19.6986207,USDC
0xb8a9e7fb56122c60aca6a253a56f65a48297f811,,12.07753011,402.423,393.9724139,USDT
0x9237f3faf9b03e5bd54eccdc24eed2b277807f24,,1.021374399,34.032,33.31751888,USDT
0x9258fbcddf8174c5b13264297fc8379d00d04115,,6.934512125,231.058,226.2057272,USDC
0xc9bac923dea801614cb7995079e72c1cc03e1264,,5.297631404,176.517,172.8102197,USDC
0x243e23c83135ca0fed2f9f5df9068de644929433,,12.51827668,417.109,408.3496905,USDC
0xc43b60da1d1c8e87ed9445621419d292b0b3435a,,2.503655337,83.422,81.66993811,USDT
0xdfcdbd6ea18a1fac82736d1206a76fe972e45d56,,6.922607006,230.661,225.8173789,USDC
0x9e8c646220613d68eaf2b947f46c2b4f52bf3f45,,5.177652948,172.519,168.8964889,USDC
0xf18bee08e1018650bf1eac20323c870b416119c6,,2.223245939,74.079,72.52290504,USDT
0xc89d39b810703dadec3e30d9fa81f1c686ba8fbb,,3.004386404,100.106,98.00392573,USDT
0x655f436c8e140a956ef2cae336e9151721718ad8,,62.59138342,"2,085.545",2041.748453,USDC
0x44186ae312de783cddd6d01c22451d052ea57f43,,2.503655337,83.422,81.66993811,USDT
0xe839b2e436782ec0f52724e72b68d1c70cbc8f35,,25.03655337,834.218,816.6993811,USDT
0x44186ae312de783cddd6d01c22451d052ea57f43,,2.503655337,83.422,81.66993811,USDT
0xe839b2e436782ec0f52724e72b68d1c70cbc8f35,,100.1462135,"3,336.872",3266.797524,USDT
0xe5c7d7a1dc2e2b03cb72bf16e3c2efaeb51505a1,,2.75402087,91.764,89.83693192,USDC
0x44186ae312de783cddd6d01c22451d052ea57f43,,0.3505117472,11.679,11.43379134,USDT
0x32cabd3b393c4ec30e569fdb112885354ab15064,,12.51827668,417.109,408.3496905,USDT
0xdcaeff45e1cb6a57245cfbd98704b20dfa0382c4,,9.835329093,327.713,320.8311889,USDT
0xf5e10b867a3daa0a2aa634d8d0d4a631103081c4,,7.030264186,234.248,229.3291862,USDC
0xc2778fb651d0030476522d9918330cd41aae3ae8,,10.01462135,333.687,326.6797524,USDT
0xe839b2e436782ec0f52724e72b68d1c70cbc8f35,,2.503655337,83.422,81.66993811,USDT
0x44186ae312de783cddd6d01c22451d052ea57f43,,2.503655337,83.422,81.66993811,USDT
0x45beacbb0e144718e17deac4dd810a7501244c89,,2.503655337,83.422,81.66993811,USDC
0x1b87b6ef6de51d272bd30493d0761d9a8de6b3d0,,2.503655337,83.422,81.66993811,USDC
0x92989eb906d40c6385c9982b08c5953cbf763ab2,,18.91937208,630.393,617.1552148,USDC
0x14d7428990f27f2120d0e383b366ede559518fc7,,4.944787082,164.760,161.3003391,USDT
0xa1d3aebf32163c96ef9a5ebaa38981e04ea41365,,9.96183563,331.928,324.9578676,USDC
0xf5e10b867a3daa0a2aa634d8d0d4a631103081c4,,25.01151681,833.384,815.8826817,USDC
0x0770d4bf1685b9b0a218a7b21f142f656d395830,,2.854167084,95.101,93.10372944,USDC
0xe839b2e436782ec0f52724e72b68d1c70cbc8f35,,0.2503655337,8.342,8.166993811,USDT
0x44186ae312de783cddd6d01c22451d052ea57f43,,0.2503655337,8.342,8.166993811,USDT
0x13f5e942c3957274e3b0a74a3798f454c45d5a1b,,72.73669114,"2,423.587",2372.691231,USDC
0x2443f245944e7333208b90b540a975da83893332,,1.877741503,62.566,61.25245358,USDT
0x38910403c3e3eaddcc771190ce154842f219db10,,2.473919395,82.431,80.69994336,USDC
0x577502784edd9b0d84d08334c30d378975e8f5ac,,24.98906696,832.636,815.1503613,USDT
0x24b3d50cb883619d41d813f977842fe320cab49c,,1.841221246,61.349,60.06115257,USDT
0xa3f2d88fb722d4f2a082edbf98354b81dc34829e,,13.59382306,452.946,443.4343145,USDC
0xd581f0b4493f6f5177165dca75b64f0fba02b61f,,6.105864562,203.447,199.1750117,USDC
0x1efb3038de631cfce0c0a231952c6b90d5d9cfe5,,10.11788308,337.128,330.0481792,USDC
0x13f5e942c3957274e3b0a74a3798f454c45d5a1b,,146.4037821,"4,878.174",4775.732364,USDT
0x6546ab8a46fb2e6351612f9645ec890affd18453,,2.503655337,83.422,81.66993811,USDT
0xdc2bbe1ec9dd004350aac5f9166e7d69c6b150a2,,12.45818896,415.107,406.389612,USDT
0x5a5acd588a5b705d0d84f04dcdd4b82fc1484600,,5.94868508,198.210,194.0477729,USDT
0x8a960bec930af48a14b54f921c83fd52b2abdc23,,2.213569982,73.756,72.20727262,USDT
0x191c5e248e29426385f2e6b739f263c60b95aff1,,2.503655337,83.422,81.66993811,USDC
0xdd75c52a9eaf6a7506018c999d0f0e3280974689,,208.4854786,"6,946.736",6800.854688,USDC
0xc4f1a2f245768fd8c491e24f43f3497e352f0aa8,,2.892386259,96.374,94.35044963,USDT
0x77777773b18ee36340d769059b3159af2699ec67,,13.9078054,463.408,453.6765062,DAI
0xf55b6d78f31b7c9666dd74eda7d15d3569a91f28,,24.93640715,830.881,813.4325836,USDT
0x9870d6ee51ae8a95c42c5fea7134438aa61d4647,,4.981155592,165.972,162.4866901,USDC
0x297946c26171008ba8c0e5642814b5fe6b842ab7,,125.1827668,"4,171.090",4083.496905,DAI
0x20ff6dbde4aba9ad6272b4972d09bfce99f40544,,2.517521982,83.884,82.12227196,USDT
0xd6e2d2486b4344fee0fa84a63d81c053df579dba,,1.251827668,41.711,40.83496905,USDC
0xd19f4f7c9df8c6bd134840bbcb9063588b9b5054,,0.02503655337,0.834,0.8166993811,USDC
0x01cd6fee9da9d3a544f3cf96e5bb73fe6b3f8f5a,,40.05848539,"1,334.749",1306.71901,USDC
0x1384b1246f86070e188bff13bf9cb11937708790,,5.007310674,166.844,163.3398762,DAI
0xc9a3671558884e6ac67a4ce34a68ca534d39d71c,,7.831752867,260.954,255.4739714,USDC
0xb23324742c160df56696b1395db8354e408b0a0b,,7.783652135,259.351,253.9049121,USDC
0x2e60c16c0ca834dcb62990e6757ed9d31cb52db1,,5.026167855,167.472,163.9550028,USDC
0x918080371d1aaf5678725a84e2cbdebd080d0a76,,5.037960162,167.865,164.3396711,USDC
0x225c4cfc17d5ee7bf3e682396b12c0f6a7709d7d,,3.755483005,125.133,122.5049072,USDC
0xbdc4d451dcab410dca2699fce2f25cf20f7ab61d,,25.16174365,838.389,820.783123,USDC
0x8d520d016246f31fe7a676648f1fd5e55ec5562d,,0.03755483005,1.251,1.225049072,DAI
0xd96dc025c835f155534a33a15d24482b257c7652,,0.3755483005,12.513,12.25049072,USDC
0xd96dc025c835f155534a33a15d24482b257c7652,,0.06259138342,2.086,2.041748453,DAI
0xd96dc025c835f155534a33a15d24482b257c7652,,0.06259138342,2.086,2.041748453,USDT
0x8d520d016246f31fe7a676648f1fd5e55ec5562d,,0.1251827668,4.171,4.083496905,USDC
0xc03410624c083468d97df3c56f56033a8d111680,,1.251827668,41.711,40.83496905,USDC
0x872b90923c604bc6d9afba57d170eda1f47ad565,,294.5616671,"9,814.795",9608.684056,USDC
0x3e95e93ace1d56792d3ed326b3f20d32f050fd9f,,0.7865329617,26.207,25.65692544,USDC
0x1ecf823c05f97c390d86deff57c03ade4575c380,,361.8686117,"12,057.462",11804.25544,USDC
0xdb42d8479c693c91dc27be83abf47858ac211162,,2.702571216,90.050,88.15862977,USDC
0x069a7f4ad699fe56b6524996414e8def025485bd,,1.99255017,66.392,64.99754444,DAI
0x0e5b233019b448f0379c2f1e712bffe9a52c4770,,26.21776539,873.576,855.2308479,USDT
0x594fd875ad3f6efcf51a9af3b9603438d1b26cbc,,12.00928301,400.149,391.7461745,USDT
0x3dcdbd9e2bc163089964cc74c97d39aa7e65d633,,1.048710616,34.943,34.20923392,USDT
0xa5747c711b7c08983e992dd7aeec2eebc6b713df,,14.48531538,482.651,472.5150435,DAI
0xa2dd2be421e26ca8bb6e6b224fec6f96ae2596bf,,1.481303744,49.357,48.32054291,USDT
0xecfd89584e4b33e8eeaa0aacd08c36dfef401c07,,27.73548013,924.146,904.7391278,USDC
0xf6fe0b03452628f1dba358d1613ce9fdcc7ccde4,,0.4383889645,14.607,14.30037077,USDT
0x152902d1d80c9478b1d246714d256ef15c6276fe,,0.6155929479,20.512,20.08081432,DAI
0xa99dd874884774bc8e99ec2d743105eda63c95df,,1.35053263,45.000,44.05475253,USDT
0xf59a5a36b969de497c4b4bb644122e7888b75c34,,1.769494157,58.960,57.72139484,USDT
0x0c1f2b70c3448220e9e8ab864c3b378dd81342ce,,6.462679168,215.336,210.814404,USDC
0x93545389bf3b742427b66a4b2809d8f6c1699a00,,3.122145391,104.030,101.8452569,USDC
0x6b4bd7b8fbd121e48ffe91de6df9388e7af11b64,,3.299483715,109.939,107.6300826,USDC
0xc2b5a349d26a42a8949ab2c3f9415fd01a90db7a,,7.865329617,262.073,256.5692544,USDC
0x83454050026c668ade1d37b2cdcc09c33166ae68,,4.325931289,144.140,141.1130899,USDC
0x63f0a3660170a5c9cd4ca7b28b82f0011ffb37c4,,7.470793525,248.927,243.6993766,USDC
0xca7e6c9b4481916ed72c9729727ffa52affdbc83,,13.10888269,436.788,427.615424,USDT
0x8f908b66629dd622b2b2343b360e6c4cdaf2b60b,,1.989152536,66.279,64.88671268,USDT
0xbbddd093d7c303eabedd9efc81d1c70f28dd17e8,,672.2205466,"22,398.389",21928.02245,USDC
0x88c222066753b2da14cb34d759441d5ac9d2314f,,1.250072166,41.652,40.77770408,USDC
0x4c1115b49a9e55152d025372fa0ec4db3a99cc49,,0.5398990448,17.989,17.61165801,DAI
0xe839b2e436782ec0f52724e72b68d1c70cbc8f35,,395.1756057,"13,167.251",12890.73891,USDT
0x44186ae312de783cddd6d01c22451d052ea57f43,,263.4044382,"8,776.636",8592.326528,USDT
0x484299bc1a8b8d2bd5470b11dee14602cc0e886d,,15.82135593,527.168,516.0970604,USDC
0x8cd3bec93d81f900f4faef7f40259d392b616a7e,,22.3225235,743.786,728.166967,USDT
0x249c6faf32cb676ee2003cebfd8ec8692dfe74ba,,2.634504038,87.782,85.93825938,USDT
0x3ef8e8cd580e7a32b8f11d8ab93acabe3b5a6106,,7.086815862,236.133,231.1739177,USDT
0xe5e89e3c821ec477719cbfa3be1fadf5aed23b68,,13.17252019,438.908,429.6912969,USDC
0xd9ddf715608e48820fb445fd1376c45afdfe729f,,0.05269008076,1.756,1.718765188,DAI
0xd9ddf715608e48820fb445fd1376c45afdfe729f,,1.185650692,39.506,38.67625754,DAI
0xcf420c639b122b5c1c150dc49e8c0b27a01dc0a6,,3.951756057,131.673,128.9073891,USDT
0xbb2ffef531cb0b573c5e3ca3762c098e436b0f3d,,0.1288314627,4.293,4.202518385,DAI
0x1b54aa56c6841695b38a6731cde17cfc0e077cba,,1.39628714,46.524,45.54727747,USDC
0xa9ebb5285d01226aa31d11366635069ae7474428,,5.273215384,175.704,172.0137623,USDT
0x79c1134a1dfdf7e0d58e58cafc84a514991372e6,,32.93130048,"1,097.271",1074.228242,USDC
0xc7bda303343476d8140acc70dadc6ee2ef5ec156,,3.580665114,119.308,116.8022986,USDT
0xb3e0cf575be1b73506ed66690bf8c51b312dc378,,0.3951756057,13.167,12.89073891,USDC
0x2cf6fe97a70cf4cbf8b107861b05b2166d9ed45d,,6.291255934,209.625,205.2225301,USDC
0x39a56e1ade957dccc5d235a5eada60e425d0df7d,,13.16988569,438.821,429.6053587,USDT
0xb0165861f99b319e8ffaf90dfccad6dc36175afc,,10.53801615,351.127,343.7530375,USDT
0xf6bdab64303807f4e040201c809b073fae56a796,,5.269008076,175.563,171.8765188,USDT
0x265d18630e53341d309feaf4bdb24180d27d8091,,13.17252019,438.908,429.6912969,USDC
0x282b68539893c1b2847f8d5f298d53ebfbebaa12,,0.4560854708,15.197,14.87763576,USDT
0xd6d8957449f2a98cc2a995a9899cc3360ba1764c,,55.8299875,"1,860.255",1821.189825,USDT
0xa52cb26139876d6e26817fbbd67dc219fc44aa81,,2.555468917,85.148,83.3601116,USDC
0x4a6b57491c6537abaad435ec4c48f7452817ac94,,210.760323,"7,022.534",6875.060751,USDC
0xa1d3aebf32163c96ef9a5ebaa38981e04ea41365,,26.46472069,881.804,863.2865991,USDC
0xde6a03bb34ded96088435076c0d44ccfdd38c510,,0.2634504038,8.778,8.593825938,USDT
0x9af6b6f2a118ff0a07690e0ed2c1631608390cc6,,1.611151399,53.684,52.55620975,USDT
0xa1fc8a55f6031e67dda0659fa335ce196df3324b,,0.7376611307,24.579,24.06271263,DAI
0xd73b3a4f83248fdcbad16cc22a109fb8f5032336,,5.514682043,183.749,179.8904723,USDT
0x49cdbee64d5e43327853466df123ea4537a6240c,,3.293130048,109.727,107.4228242,USDC
0xf9bc563fb4929c58ea39a8a7c2a54aa21a59ac73,,3.875901417,129.145,126.4329895,USDT
0x0b20b9bd6ea6f9d75c3eb676e703056e1b7538e3,,2.989379514,99.606,97.51439678,USDT
0x6934ddd053a01f06859e9c0bce5f5ef4aaf8f26f,,2.634504038,87.782,85.93825938,USDC
0xbbddd093d7c303eabedd9efc81d1c70f28dd17e8,,13.17252019,438.908,429.6912969,USDC
0x7ad3ca0c9e04fc665fd6e6e032dc3d826737914c,,3.530934636,117.651,115.1800765,DAI
0x3942ae3782fbd658cc19a8db602d937baf7cb57a,,118.5526817,"3,950.175",3867.221672,DAI
0x77ee4d4a7f1ad39f50197f6058860c06191074c0,,5.269008076,175.563,171.8765188,USDC
0xef87e537439acc5dc5fa697abb17834e8ee7f8a8,,2.842863005,94.724,92.73498724,USDT
0xadc5a1519536518d5351a9c1ea515df060077c92,,27.53880989,917.593,898.3236895,USDC
0x1bbfa662a802d0a5dd880e80801649600e6c6d42,,5.269008076,175.563,171.8765188,USDT
0x0b20b9bd6ea6f9d75c3eb676e703056e1b7538e3,,6.830277639,227.585,222.805569,USDT
0xf8a36513bf4720f6b7e64d90d8dd70f57c80606f,,13.17252019,438.908,429.6912969,USDT
0x4a895764934ca19652d29630e6da7601a7efbe24,,18.44152827,614.472,601.5678157,USDC
0x0b20b9bd6ea6f9d75c3eb676e703056e1b7538e3,,19.52182867,650.467,636.8075172,USDT