CONTRIBUTION ADDRESS,STABLES CONTRIBUTION,KSM PURCHASE PRICE,KSM EQUIVALENT,USD returned at KSM price $33.32 ,TokenSymbol
0x54a6c8f1b61b767a0bfafe8be302682af632f9b5,10,422.95,0.02364345667,0.788,USDC
0x0739bf8e3fdd8540dc5bb95f32d56b406e0c3e8e,250.82,422.95,0.5930221114,19.759,USDT
0x935914ad4a126647af35378384d70c741892a5fa,"7,747.64",422.95,18.31809369,610.359,USDC
0xa9cdf0542a1128c5caca1e81521a09aec8abe1a7,"10,000",422.95,23.64345667,787.800,DAI
0xfa7195ed3f14e375cf1d6649d1356c61a6dd70d5,"4,500",422.95,10.6395555,354.510,USDT
0xd455712e43582134f101a0c686d26548b5438a3b,"10,000",422.95,23.64345667,787.800,USDC
0x8d452c1f4bae385b13933c83ecff70d74229915f,"17,710.74",422.95,41.87432054,"1,395.252",USDC
0x6a82540ac63046d2f21a159c00d84b84d22bd2b6,"10,000",422.95,23.64345667,787.800,USDC
0xc7dbcc064d3284a9320f074617443508b60263cf,"4,256.58",422.95,10.06403085,335.334,DAI
0x56b61aade43b93cc81746acb105812e8e29d90e4,100,422.95,0.2364345667,7.878,USDC
0x04c4c25b28f504521b0adf53195ed8e86424ee8b,"24,245.90",422.95,57.32567786,"1,910.092",USDC
0x690a5e2dd1189d03f7f4b8fa64a15863be89b58d,"25,749.83",422.95,60.8814893,"2,028.571",USDT
0x0d60977a04b2a88e33df83f577316c9308a3e5ac,125,422.95,0.2955432084,9.847,USDT
0x6a85bf836a4a87ace31aa18d04761287555a178e,"26,000",422.95,61.47298735,"2,048.280",USDT
0x655f436c8e140a956ef2cae336e9151721718ad8,"25,000",422.95,59.10864168,"1,969.500",USDT
0xacc4c1ea473a576a52483aa72327340587d51925,"34,000",422.95,80.38775269,"2,678.520",USDC
0x2a123b4d2a86f71cf5ce5a4b12ad8ef7bb1ecf3d,"10,000",422.95,23.64345667,787.800,USDC
0x4553ed5d8d3731e629f67bd86abd021175f31848,"20,000",422.95,47.28691335,"1,575.600",USDC
0x01cd6fee9da9d3a544f3cf96e5bb73fe6b3f8f5a,"2,000",422.95,4.728691335,157.560,USDC
0xe7cafd2364754316b27dd54e66f1d6217843f100,"15,362.81",422.95,36.32298695,"1,210.282",USDT
0xe7cafd2364754316b27dd54e66f1d6217843f100,"23,394.75",422.95,55.31326832,"1,843.038",USDT
0xe92d80a90bc050a12f1c6fbe0e50e1b5a874b595,"10,000",422.95,23.64345667,787.800,USDC
0x01cd6fee9da9d3a544f3cf96e5bb73fe6b3f8f5a,"8,000",422.95,18.91476534,630.240,USDC
0xee0b0271918ba62b939437af831efc689365112b,500,422.95,1.182172834,39.390,USDC
0x5c9bfe30740263dfaef1224fe0fc80ed38c3fae2,673.874724,422.95,1.593272784,53.088,USDT
0x6d9a4667e14783282517d0e3ebecf29da808c6de,"30,000",422.95,70.93037002,"2,363.400",USDC
0x741b875253299a60942e1e7512a79bbbf9a747d7,292,422.95,0.6911035087,23.028,USDC
0x4a895764934ca19652d29630e6da7601a7efbe24,"33,301.81",422.95,78.73698629,"2,623.516",USDC
0x3a5adf48e9397b7289f35fc4db6676cf1bd1ff1d,494,422.95,1.16798676,38.917,USDT
0x37a16c68736dd9e245707fc68add79ccf2d3d9f9,"1,240",422.95,2.931788627,97.687,USDC
0x8091587f4dd6019196e89fe82a5ee40400fa8bf9,874.530442,422.95,2.067692261,68.896,USDC
0xddfbaf93ed5056ff616f6b56c56f901eda4b8bed,500,422.95,1.182172834,39.390,USDC
0xcb98b2c2c22fcacd12ebf92676172616bb37d43f,10.00,422.95,0.02364345667,0.788,USDC
0x1aa8d27c4ecc7e27f5527ef8d4fa112498789ba6,20.00,422.95,0.04728691335,1.576,USDC
0x6221b8772e58e7b114d7b8e4ee400bfa8bf57986,"50,000",422.95,118.2172834,"3,939.000",USDC
0xd56ee5ba5a52e15f309108bdd6247c69b4f624c2,"1,095.16",422.95,2.589336801,86.277,DAI
0xc784aa191b4562d4ae860b851461d7fac80acf33,400,422.95,0.9457382669,31.512,DAI
0x291e4ebb46c04d87c2fb10582b20e9258a1a83f8,"4,985",422.95,11.78626315,392.718,USDC
0xef456ba3b950bd29305e243ee0c2b368339fa3ab,"5,035.97",422.95,11.90676826,396.734,USDT
0x72f56f903ff4ebdf8e16977679649ef9e60a9598,293,422.95,0.6927532805,23.083,DAI
0x479d4678258ef00be5c5653e676418124e0dd065,"1,503.29",422.95,3.554290282,118.429,DAI
0xda566a55005d0fea14fec7c129cc32c1203cd51f,100.00,422.95,0.2364345667,7.878,USDC
0xe62229174b79e20209a964cd0552b99cb3e679b3,"9,774",422.95,23.10911455,769.996,USDT
0x0f8c20740d31d99484e625c8b5ea7bb5d18b122f,"1,042.77",422.95,2.465478832,82.150,USDT
0x1c051112075feaee33bcdbe0984c2bb0db53cf47,"300,000",422.95,709.3037002,"23,633.999",USDC
0xf681e0c98e54943d4dfa634fdadc17ed8a0e73dd,"2,000",422.95,4.728691335,157.560,USDC
0x96e3e323966713a1f56dbb5d5bfabb28b2e4b428,"5,000",418.72,11.94115399,397.879,USDT
0xe1a16274d48bfded0db57ff6534caa270ff1f637,20,418.72,0.04776461597,1.592,USDT
0xabca2289f0d03773e8b102248997e854aa36cd21,"4,109.73",418.72,9.814983471,327.035,USDC
0x65685914465e7f6e70624b8bbd1c66be0411923e,0,418.72,0.0007992835308,0.027,USDT
0x4a4b9a1553dadb071fe6a53bfe909ec08cb6ce35,178,418.72,0.4259760628,14.194,USDT
0x2d0cedaab10b02786d18023a07af0861fc2b079f,391.4477353,418.72,0.9348675375,31.150,DAI
0x2d0cedaab10b02786d18023a07af0861fc2b079f,323.738049,418.72,0.7731611793,25.762,USDT
0x6221b8772e58e7b114d7b8e4ee400bfa8bf57986,"50,000",418.72,119.4115399,"3,978.793",USDT
0x33da9340402a97398d3c47b04031eac169674419,"6,000",418.72,14.32938479,477.455,USDT
0xc6db1db370fb85b72610947e536c3e7599b42e72,"250,000",418.72,597.0576997,"19,893.963",USDC
0x54b55662901af57b31fb6b52af8175b652a5816e,"250,000",418.72,597.0576997,"19,893.963",USDC
0xa25a1e84befc5ff5ec562af1409dc8994e91eda7,147,418.72,0.3510983879,11.699,USDC
0xbe3a04a2683073422ea8db63011e70166f32438e,400,418.72,0.9552923194,31.830,USDC
0xcf304823d4d0d8822648a66adbf67bc57f6dd350,"7,193.59",418.72,17.17995423,572.436,USDC
0x75c6a16c453fb81a7c4e8721e3541934867b451c,"23,049.47",418.72,55.04746536,"1,834.182",USDC
0x115143bd6eb248bb9dee04bb96aed0637f7b5990,112,418.72,0.2674818494,8.912,USDT
0xb212f44df6970f25d80e1b91b7bf3e8a9ae93c2d,"12,023",418.72,28.71369889,956.740,USDC
0xb212f44df6970f25d80e1b91b7bf3e8a9ae93c2d,"10,000",418.72,23.88230799,795.759,USDC
0x97b102e00d88f02debfd6b1e4b901dd6931bb982,500,403.3,1.239771882,41.309,USDC
0xa4fdc2103b412cc142bd7715dabab06f08ef842b,"100,000",403.3,247.9543764,"8,261.840",USDC
0x672ad3627e357d3fd06472c316f6075f0dcae553,"9,980.45",403.3,24.74697292,824.569,USDT
0x542f5de6a607621fa3cf3083a445a249007ecf8e,"1,000",403.3,2.479543764,82.618,USDC
0x4f3936c02c5be0112747cc19311b5074bbed8475,467.865682,403.3,1.160093434,38.654,USDT
0x23b85204dfda7477371998727109fd89dcd3fcf1,"10,000",403.3,24.79543764,826.184,USDC
0x8e2160a024ca85810e5bafba77ea332800c2b231,"4,293.79",403.3,10.64664454,354.746,USDC
0x3afd89fa00827c5195265d537a5a29172cee5b3a,"1,750",403.3,4.339201587,144.582,USDT
0x7421698e7e607d399e5a5d7a727886d39a6432f3,"1,000",403.3,2.479543764,82.618,USDT
0x354029b0d5c417fed5f22522d3a1325b5397df8e,500,403.3,1.239771882,41.309,USDT
0xbbddd093d7c303eabedd9efc81d1c70f28dd17e8,"1,243,376.74",403.3,3083.007037,"102,725.794",USDC
0xe89798bf02929545eeeb4e26d2aa49b2decb894f,500,403.3,1.239771882,41.309,USDC
0xa911ccf5f6c7bd5fb25188d41a536890c3c8fae5,"10,000",336.24,29.74066143,990.959,USDC
0xbbddd093d7c303eabedd9efc81d1c70f28dd17e8,"270,549",336.24,804.630621,"26,810.292",USDC
0xe6c58978d013b757eb315bd6fd776bee2ee2b63c,"3,978",336.24,11.83083512,394.203,USDC
0x3247da930721fadf467dcfaa2e211fa309381371,275,336.24,0.8178681894,27.251,USDC
0x2549bb64f069a4c1f02e80a6707486b689f8faab,342.999497,336.24,1.020103191,33.990,USDT
0xcb114805b901f7a9c38d5675272ef26459a7d805,"10,000",336.24,29.74066143,990.959,USDC
0x2221ceace30dbae7e209888452d29e711cb5741d,421.70,336.24,1.254150678,41.788,USDC
0x2cb644a9299f95f427a6a32b9b8f37b0d6720043,"1,000",336.24,2.974066143,99.096,USDC
0xf84cc4ed45f00c98e1739fd31f7533cafc249544,"1,000",336.24,2.974066143,99.096,USDC
0x9349c8c39dd1d5a6271861ce6f9974b2b76142bc,970.42,336.24,2.886093267,96.165,USDC
0xeeff483b297016938400575043752a2d10d7579a,"30,000",336.24,89.2219843,"2,972.877",USDT
0x679b4172e1698579d562d1d8b4774968305b80b2,100.00,336.24,0.2974066143,9.910,USDC
0x951b6d50d07c39b0f97a7bb2f5c1e96f07a093d3,"10,000",336.24,29.74066143,990.959,USDC
0x2221ceace30dbae7e209888452d29e711cb5741d,"2,000",336.24,5.948132286,198.192,USDC
0x461e76a4fe9f27605d4097a646837c32f1ccc31c,"79,733.66",336.24,237.1331702,"7,901.277",USDC
0x11ea74a088d280c77147f78c54c05e372c8d1653,110,336.24,0.3271472758,10.901,USDC
0xb27226ce5f123f91514ae3955e5cfeb7b9754981,"1,000",336.24,2.974066143,99.096,USDC
0xcf63e1c31805254b6fb3ed7829206c2b2505e3a7,"30,000",336.24,89.2219843,"2,972.877",USDC
0x98dc82470cd96449eff7a21837644e8a0b83f40e,"8,702.15",336.24,25.88077016,862.347,USDC
0x3fd1ddf28f604cfe5fefa3adc38e38be2f7208d6,"60,262.66",336.24,179.2251428,"5,971.782",USDC
0x428700e86c104f4ee8139a69ecdca09e843f6297,"2,000",336.24,5.948132286,198.192,USDC
0x55aea4cd456478d56f598e06a0db228192d5eb84,"1,000",336.24,2.974066143,99.096,USDC
0x07deef8ad7d095b45de4a2b39ca7d9f8aa7d4022,10.00,336.24,0.02974008446,0.991,USDC
0x5e7ec7c027092fdf2ce384dd217c37f434f78a57,203,336.24,0.6046552068,20.147,DAI
0x289c23cd7cacafd4bfee6344ef376fa14f1bf42d,"5,000",336.24,14.87033072,495.479,USDC
0x467ba5774af9b509af745a0870fcfabb34acfcc8,201.72,336.24,0.5999284916,19.990,USDC
0x2549bb64f069a4c1f02e80a6707486b689f8faab,228.06,336.24,0.6782785689,22.600,USDT
0x7ae02e3871f38d0ba4a5192d97621ba52083fd06,"2,000",336.24,5.948132286,198.192,USDT
0xf3f49dd68586335ee3b01a86368043508c962c2a,7,336.24,0.01968039198,0.656,USDC
0x453721d8f20513944a0edc7230ec2709552f7e17,367.67,336.24,1.093464594,36.434,USDT
0x4dace5a18a8c9d4d5f0a01269df49e3cc2b52750,215,336.24,0.6394242208,21.306,USDC
0xb79786b11fa27df856ba58fb9f8f2cfa2f790522,400.00,336.24,1.189626457,39.638,DAI
0x22d7d38717474569ea63cbda595f4bbc0f1b640d,749,336.24,2.227674646,74.226,USDC
0x825c6a3983fef62030693e6ee90267747bcfbd8c,10,336.24,0.02974066143,0.991,DAI
0x0dec50b958d51fa29df7767e7298be834a897135,100,336.24,0.2974066143,9.910,USDC
0x42edc9e6a511bcc25503e1eff7ca77b635fb39ba,994.92079,336.24,2.958960237,98.593,USDC
0x07a1f6fc89223c5ebd4e4ddae89ac97629856a0f,"19,488.97",336.24,57.96149185,"1,931.277",USDC
0x8d5f05270da470e015b67ab5042bdbe2d2fefb48,197,336.24,0.5865168243,19.543,USDC
0xae7ae37d9d97abc1099995036f17701fd55cefe5,"1,958.86",336.24,5.825785667,194.115,DAI
0x2ff0ad27418a9d211cad22e0c11a1255abb5b3aa,10,338.64,0.02952988424,0.984,USDC
0xcbe33f591c334507b698de21e9b6eecb1b73e7ec,"10,000",338.64,29.52988424,983.936,USDC
0xb7d9945166e3da89ee4c0947230753d656d116a5,"1,000",338.64,2.952988424,98.394,USDC
0x70e29afdccdd6012e4785f60168e46a68f4b1a42,582.2109912,338.64,1.719262317,57.286,DAI
0x52d597334a853cfc0e5afde7e813ae5a7e965176,10,338.64,0.02952988424,0.984,USDC
0x52d597334a853cfc0e5afde7e813ae5a7e965176,10.00,338.64,0.02952988424,0.984,USDC
0xa1d3aebf32163c96ef9a5ebaa38981e04ea41365,"2,015.18",338.64,5.950799991,198.281,USDC
0x74b4b8c7cb9a594a6440965f982def10bb9570b9,672.95,338.64,1.987218923,66.214,USDC
0x09988e9aeb8c0b835619305abfe2ce68fea17722,119.62,338.64,0.3532376181,11.770,USDC
0x3465d93b84ed7557d42d84cb7c8999fc3db2113d,"5,000",338.64,14.76494212,491.968,USDC
0xb032f8989e7634c6f5660155662f6d8c14a22ef1,"1,786.43",338.64,5.275299749,175.773,USDC
0x231919835aa6c37092ba56200e477a39d31f25b2,316,338.64,0.9326172868,31.075,USDC
0x1d80767d1c03286843212076333d8252f2044b16,33,338.64,0.09699192828,3.232,DAI
0xadff0346501fbf58b193d1be7dbff16eb3be2754,118,338.64,0.3484526341,11.610,USDC
0x71a15ac12ee91bf7c83d08506f3a3588143898b5,101.00,338.64,0.2982518309,9.938,DAI
0xcf6c9980cdbbc3abdcc2ef896323fcdbb6159df1,10,338.64,0.02952988424,0.984,USDC
0x01ffcc7285866e5cee14c8e807cb2e8d5f61079f,"10,000",338.64,29.52988424,983.936,DAI
0x9325564ade7683706107685cf1993678b1163261,"1,500",338.64,4.429482636,147.590,USDC
0x65b8ee88cd729b00c574884f3404678bac479dab,"1,095.17",338.64,3.234022962,107.758,USDC
0x182a72b9dd205177ad9c31fafb824195cc69fbe5,1,338.64,0.002952988424,0.098,DAI
0x3cd5c6d4248bed58495ac94945a12face2b6f198,"1,095",338.64,3.233522325,107.741,USDC
0x6a815735471dbd0f85c51b115b728a247abe0cf4,5,338.64,0.01476494212,0.492,USDC
0xc08c7d598fb8026a8bbd698ee0d5a0199db880ff,"10,000",338.64,29.52988424,983.936,USDC
0x3bb3fc70627c457093159a9125dc836c40d9acd8,"5,000",338.64,14.76494212,491.968,USDC
0x7f7b32c998083d66de56602d75bc820b768c721b,"38,000",338.64,112.2135601,"3,738.956",USDC
0x0aa2ccbf88c4e03fb25e0e6a7219a7ae9764380a,"1,040",338.64,3.071107961,102.329,USDC
0x4a6b57491c6537abaad435ec4c48f7452817ac94,"47,098",338.64,139.0798488,"4,634.141",USDT
0xa3d3b7f97ab0aca3072a4161851db89bcb292f7f,500,338.64,1.476494212,49.197,DAI
0xecf74b69aad56feaf896b8d71b7b4303dce984da,"1,557.59",338.64,4.599549182,153.257,USDC
0xa1d3aebf32163c96ef9a5ebaa38981e04ea41365,"7,985",338.64,23.57961257,785.673,USDC
0xe41a11a4cb8a5a57d3bee3719c391435af29b978,"2,075.99",338.64,6.130385755,204.264,USDT
0x6eca078edc94b955d38f826cb46ba1407cda152d,"2,000",338.64,5.905976849,196.787,USDC
0x8090bb265b6d4f2cd21b8d154a47ea74260d3390,"1,005.06",338.64,2.967942668,98.892,USDT
0x5b06b44a66e5345661f6e4596f3a20da19eec1ee,"4,699.60",338.64,13.87785224,462.410,USDT
0x864a2b0f12b90a8dfd38f5e93ac6dc169dc0df5c,"1,000",338.64,2.952988424,98.394,USDC
0x813d2bde8609df7077e8944a20db4eb21bc3f04f,55,338.64,0.1624143633,5.412,USDT
0xf2e2c98164ac3f4931ce56e2721d44a00455e55f,"2,600",338.64,7.677769903,255.823,USDT
0x2fa2cf37b1a330389b1cf8b985f71ff76a980ac4,"1,000",338.64,2.952988424,98.394,DAI
0x415fce36e2dc12421f20b93dbad1dd68bd2f6db6,"5,936.70",338.64,17.53101715,584.133,USDC
0xa3b31b5292600d48172cfe3b588a8406a41f42b7,"5,000",338.64,14.76494212,491.968,USDC
0xf9263986be319e0444b600a73501ef7689cdb022,"20,068.97",338.64,59.2634361,"1,974.658",USDT
0x087de07b6e716185b8eb4f707818d4b6fe1bb794,800,338.64,2.362390739,78.715,USDT
0xa911ccf5f6c7bd5fb25188d41a536890c3c8fae5,"10,000",338.64,29.52988424,983.936,USDT
0xd56ee5ba5a52e15f309108bdd6247c69b4f624c2,"3,000",338.64,8.858965273,295.181,USDT
0x0c387030a5d3acdcde1a8ddaf26df31bbc1ce763,259.98,338.64,0.7677179305,25.580,USDC
0xcb726f13479963934e91b6f34b6e87ec69c21bb9,"5,000",338.64,14.76494212,491.968,USDT
0x197305c1f2266dfcfffe52dea4b2b6ed2ec7d3b7,"2,000",338.64,5.905976849,196.787,DAI
0x14eecf2f25d695d29596732f7523b5e1274660d9,"4,962.34",338.64,14.65372756,488.262,USDC
0xe225c1296fd172f7dab917421f87e8cfa18a9f20,"5,000",338.64,14.76494212,491.968,USDT
0x949da077579dee261b08f729b2f70a2c2c123495,"2,000",338.64,5.905976849,196.787,DAI
0xfcfd3601862c7f5c6d2f743e0d4c28211b45d704,300.00,338.64,0.8858965273,29.518,USDT
0xa3f2d88fb722d4f2a082edbf98354b81dc34829e,"3,904.26",338.64,11.52923266,384.154,USDC
0xa7a9e6137d2582fc8bddad6a6daeb8fb985396f2,"1,467.02",338.64,4.332102923,144.346,USDT
0x0da5709210763a8e4840add60672d2bff8e534f8,483.18,338.64,1.426824947,47.542,USDC
0x03db74df4ef8b29fe210abcf027c757747c14f00,"1,000",338.64,2.952988424,98.394,USDC
0xa3f2d88fb722d4f2a082edbf98354b81dc34829e,"3,582.15",338.64,10.57804074,352.460,USDC
0x62e560167c333fb919034d1bd3a286f3104b0d3f,700.00,338.64,2.067091897,68.876,DAI
0x79252d8f9019f08012881ce1d71af86879351fa8,501,338.64,1.479447201,49.295,USDC
0x1877a64a37778e58ac2646107ece72a24d07021d,3,338.64,0.009936871013,0.331,USDT
0x9bcc57d24f1d154f73c19e92c78ae87b86683cfe,"1,000",338.64,2.952988424,98.394,USDT
0x5280537847c00723a2e710349390bff199661cd3,"1,355.52",338.64,4.002836466,133.375,USDC
0xcab5b71ef27aa7427ec7a87d95ffc0e7e3434565,"1,000",338.64,2.952988424,98.394,USDC
0x8aa60881dde54833fd2e2186ee7a9661440c16a1,"1,025",338.64,3.026813135,100.853,USDC
0xcec771b3ab9204c4eb0b731111658e7c8ba539cf,500.00,338.64,1.476494212,49.197,USDC
0x92d7aac06d1f44e3153b1c89f6c3d918d906691c,"2,500",338.64,7.382471061,245.984,USDT
0xa92a40457e419c5ec245a646da09112cdcc6cfb6,40,338.64,0.118119537,3.936,USDC
0xd384f5d32ae6fd285a63f5232ff10f1696919233,5.99,338.64,0.01767574526,0.589,DAI
0x3c8cbd613857965267bcd4bdec7b794dd53969a0,"10,000",338.64,29.52988424,983.936,USDC
0xe57afd4faedae0862d95ab713a053df0136f6ba2,6.49,338.64,0.01916489487,0.639,DAI
0x8f701b0732750378c7773bb07324a90e221bdc30,"5,259.11",338.64,15.53008353,517.462,USDT
0xf7f1852a70278fe87e42a8aa1e93b94244b8b13a,"1,790",338.64,5.285849279,176.124,USDC
0x44be98130fb63eb3a068929ef3a102f15c2e6159,"1,500",338.64,4.429482636,147.590,USDC
0xa7a9e6137d2582fc8bddad6a6daeb8fb985396f2,"4,976",364.6,13.64783324,454.746,USDT
0x4cf8be01027ad66c4939181a5b8c5b2b281771f0,"1,000",364.6,2.742731761,91.388,USDC
0x1cf6012cabeeb53d84fb33c05e2c2b6a3478eef7,75.00,364.6,0.2057048821,6.854,USDC
0x142f5aa531b69b10b04a7a53cb9f318d894bd4a4,"17,266.33",364.6,47.35691953,"1,577.933",USDC
0x1bc3e2c44e0b2dabb1b06a1890273571825d3e03,388,364.6,1.064882795,35.482,USDC
0x1a60eb1065aea0d4b78ce2859b6977ac417d3aab,10,364.6,0.02742731761,0.914,USDC
0x248eec608eaba4a9552852d433d72354c7c797a9,"3,009.01",364.6,8.252895485,274.986,USDC
0x46ea2f0f383348d76ae5e64277f084ede90eea12,"1,200",364.6,3.291278113,109.665,USDC
0x849693d92facf44a5d729e5f894d5a3ebc51a4c8,"1,636.45",364.6,4.488353097,149.552,USDC
0xf4ca35df279677654515d41aca6bc75e79731a4b,"172,470.84",364.6,473.0412644,"15,761.735",USDC
0x9fa0a37f9d8f8b4cbbfdaf25c441167d19b2ed85,"18,225.46",364.6,49.98754152,"1,665.585",USDC
0x388b2d29e7919d45b1b8f6e88b8a13a392f97b40,"4,932.40",364.6,13.52825469,450.761,USDC
0x196eb61840ca3165a9940d6b078eea73480940a6,957.69,364.6,2.626689213,87.521,USDT
0x21e743cfeb7c1104c30254d575819a81cb0a8673,"3,000",364.6,8.228195283,274.163,USDC
0x9fa0a37f9d8f8b4cbbfdaf25c441167d19b2ed85,"11,775",364.6,32.29566648,"1,076.092",USDC
0xbbddd093d7c303eabedd9efc81d1c70f28dd17e8,"155,000",364.6,425.1234229,"14,165.112",USDC
0x01ffcc7285866e5cee14c8e807cb2e8d5f61079f,"5,000",358.87,13.93262184,464.235,DAI
0x9d3bea971d35027e5e1472a871f97e3b238f37a9,100,358.87,0.2786524368,9.285,DAI
0x5f2f6ce97c7e1cff7032ab46dd1c8b1dfa78dffe,"500,181.14",358.87,1393.766936,"46,440.314",USDC
0x8d520d016246f31fe7a676648f1fd5e55ec5562d,50.00,372.415,0.1342588242,4.474,USDC
0x8d520d016246f31fe7a676648f1fd5e55ec5562d,50.00,372.415,0.1342588242,4.474,DAI
0x8d520d016246f31fe7a676648f1fd5e55ec5562d,35,372.415,0.09398117691,3.131,USDT
0x1fd18bebcd1dde8be03429c31500a528cb9793ed,"55,000",372.415,147.6847066,"4,920.854",USDC
0x17d60e33385700247741d8a0c2db0d4ac28130d7,"1,000",372.415,2.685176483,89.470,USDC
0x4e4aa5af3212ee1374440c6f82797c462f90c8a3,957.273326,372.415,2.570447823,85.647,USDC
0x3f9594a4b4803e337a08e27195a1f4e1d70aadfe,500,372.415,1.342588242,44.735,USDT
0xa911ccf5f6c7bd5fb25188d41a536890c3c8fae5,"10,000",372.415,26.85176483,894.701,USDT
0x4a6b57491c6537abaad435ec4c48f7452817ac94,"1,000",372.415,2.685176483,89.470,USDC
0x78c3b4cec856668c57f6d3f08c90eb63a9a71380,210.00,372.415,0.5638870615,18.789,USDC
0x541d18545434932a5855535c1ea6b988bcd9dfc6,560.00,372.415,1.503698831,50.103,USDC
0x2e5745f3136e1023b7db402f2f20d59ece802f4a,49.93,372.415,0.1340799243,4.468,USDT
0x4c7af76438de653dcb7a0948208e48206cbfe7ce,"10,434.09",372.415,28.01738088,933.539,USDC
0x90e91f8e98d88fb6d2dac44c64d0c22af606c0a6,"2,200",372.415,5.907388263,196.834,USDC
0x231919835aa6c37092ba56200e477a39d31f25b2,"2,000",372.415,5.370352966,178.940,USDC
0x12c15fafa41d6d427f7d89a68b3d69bf94b9fe6a,"1,692.50",372.415,4.544661198,151.428,USDC
0xe24f1714203518c0972f9e81286e273b445980b5,"37,500",372.415,100.6941181,"3,355.128",USDT
0x2d6b114c77f3355f204c37f657c680157e85dfa5,"9,960",372.415,26.74435777,891.122,USDC
0x1bc8822b33a51e27b8bf1d7b51653c1ebea84aa3,300,372.415,0.805552945,26.841,USDC
0x2c3459fb7a2d3fdac8941cd7a5367c627f10fc6d,30.00,372.415,0.0805552945,2.684,USDT
0x33ff13345df3a650c0136cdafaf0ec190ce502d6,"5,001.99",372.415,13.43122351,447.528,USDC
0xb995f0daae04ab22071874770f3de8902978bc42,"1,288.22",372.415,3.459090813,115.257,USDT
0xfe4229f3d4cc851c94d2d13c74441426ea2e5bd4,700,372.415,1.879623538,62.629,USDT
0x50bd960d37efeb62989a93821aa886c6042f9df1,"10,000",372.415,26.85176483,894.701,USDC
0x31e0bd55b7d810141df3f708d6f27eedc2b8e4c0,478.78,372.415,1.285612185,42.837,USDC
0x903f4afc0963fb4ef3a37355492c40ac5ea582d4,"40,000.00",372.415,107.4070595,"3,578.803",USDC
0x10aeda815442c83aad7ba990aeace28ad5cfe8cc,970,372.415,2.604621189,86.786,USDT
0x0d60977a04b2a88e33df83f577316c9308a3e5ac,220.92,372.415,0.5932075024,19.766,USDT
0xe87945b5350f37e06039432337f417aabbfd4882,1.15,372.415,0.003087952956,0.103,DAI
0x8bc6b3fd67be8d0ad383b71e6f6b1fbafe0716e8,500,372.415,1.342588242,44.735,USDC
0x22390abaa52d4be608b4530dc1522adc01898c3a,"10,000",372.415,26.85176483,894.701,USDC
0xac2c6ac3cc453e1f62758b4f5a5f6a19acf7964f,"4,420",372.415,11.86848006,395.458,USDT
0x189c415968ea2f62f6430d5050df872221633340,"1,342.25",372.415,3.604170226,120.091,DAI
0x5812602b6427e3dae54df18188bd78e428ca9184,900,372.415,2.416658835,80.523,USDC
0x84bb8f4998527aaf4cf5633bb2743533310600bb,"10,000",372.415,26.85176483,894.701,USDT
0x38910403c3e3eaddcc771190ce154842f219db10,"2,000",372.415,5.370352966,178.940,USDC
0xfc0ac081405ad9b335d6a2d5a0812a4959ad4372,"6,000",372.415,16.1110589,536.820,DAI
0x2ef0782745b9890c2d1047cbd33be98e22ec35a2,"1,975",372.415,5.303223554,176.703,USDC
0x444e66a8dd6d8f3d7a370045f0f056a4377e4a59,831,372.415,2.232104561,74.374,DAI
0x5e812a00a2351810156f9b49d7554a7fb8c0ee26,500.00,372.415,1.342588242,44.735,USDT
0xa36299f53c37c6ddcd2c59f84ec9bba9025c3f5f,406,372.415,1.090181652,36.325,USDT
0x14ee81f2095197322229389ff92587623b2bec5c,"5,000",372.415,13.42588242,447.350,DAI
0x292c13392fafc0d16dc45586eb317a038dd94d36,975,372.415,2.618400577,87.245,USDT
0xa5025faba6e70b84f74e9b1113e5f7f4e7f4859f,"38,428.60",372.415,103.187573,"3,438.210",USDC
0x09e510498ae3fc6d06a0a24f85d988e413d0854d,330.05,372.415,0.8862525194,29.530,USDC
0x11a8a0335bdd466efc827301abf20f9869f55253,"1,000",372.415,2.685176483,89.470,USDC
0x340c02c07329fdf2f7aa1523c3c67c29ae35cdcf,779.36,372.415,2.092719144,69.729,USDT
0xafaf4434759c170929c95419b6b3105051eabe06,"3,959.06",372.415,10.63077284,354.217,USDT
0x201b5abfd44a8f9b75f0fe1bae74cdac7675e54b,"200,000",372.415,537.0352966,"17,894.016",USDC
0x8d4a9c9300d300b64e012430efcbb1f6f1fe6782,"2,500",383.23,6.523497638,217.363,USDC
0x2e6bbd0f771146ad702d63dbda859a47533e3003,"3,189",383.23,8.321373588,277.268,DAI
0x5899275c5ec1f45018eafeba5a9a7e59f0ed3bc7,"34,000",383.23,88.71956788,"2,956.136",USDT
0x5899275c5ec1f45018eafeba5a9a7e59f0ed3bc7,"1,000",383.23,2.609399055,86.945,USDT
0xedf7b675a2fe3c27efb263fb4c204a3f0fb17d46,"10,000",383.23,26.09399055,869.452,USDC
0xc5b46513ea71294ba740e115f88b697c26d25c8b,"6,000",383.23,15.65639433,521.671,USDC
0xd34eccaf180a75b56ce98d0c414d3fc03a820f58,"6,928.76",383.23,18.07990548,602.422,USDC
0xf486d56cce70c481b3455af901fcc4f03fee8107,"60,000",383.23,156.5639433,"5,216.711",USDC
0x0c1f2b70c3448220e9e8ab864c3b378dd81342ce,"1,368.26",383.23,3.570328985,118.963,USDC
0x5e03abc56a207c0894c7e79f4195f0695dea32df,"10,000",383.23,26.09399055,869.452,USDC
0x643430283b19fa5bd70a1138b495c2b43523cdd5,"50,000",383.23,130.4699528,"4,347.259",USDC
0x3ecd0359496f9a49a1b11eb50bb603c262ff4218,"3,457",383.23,9.020692535,300.569,USDC
0x3d37cfa2e89a04b3704bd64bc2c9ab9dcd448b9a,"34,911.55",383.23,91.09816477,"3,035.391",USDC
0x9ade31f7baabf784a94200abce297df859eb3350,"75,203.76",383.23,196.2366313,"6,538.605",USDC
0xaaf37a1b5f2a38fbb562f6383cf66a7ebe0b00ad,976.00,383.23,2.546773478,84.858,USDT
0x773d161310d07cafc6f767ca24f43e52163b9be6,"86,596.54",383.23,225.9649188,"7,529.151",USDC
0x773d161310d07cafc6f767ca24f43e52163b9be6,"13,237.17",383.23,34.54106647,"1,150.908",DAI
0x5a3c1249d03488f53bbc30b5a833a390372095ae,"9,885.42",383.23,25.79500708,859.490,USDC
0x01c9f4268beb4c049ac81e0a1d8e6970078601b1,390,383.23,1.017665632,33.909,USDT
0x3b7a7674a43936e9f0d4aa98bc73f990cd726029,"2,035.75",383.23,5.312072985,176.998,USDT
0xb3ee59b941b6c76e8d7bad0f6ca503cce0566632,"1,600",383.23,4.175038489,139.112,USDC
0xfa6aef4656862b2b4c24764522172784eff57390,"1,000",383.23,2.609399055,86.945,USDC
0x12d195e2585dbff7c75a9533c03f7fad60d42202,"1,495",383.23,3.901051588,129.983,USDT
0xe41a11a4cb8a5a57d3bee3719c391435af29b978,"4,449.70",383.23,11.61104833,386.880,DAI
0xf08d882ae658fbfcb6cb88b822182c3e05940aed,688.8982594,383.23,1.797610467,59.896,DAI
0x63f0a3660170a5c9cd4ca7b28b82f0011ffb37c4,"3,032.11",383.23,7.91198497,263.627,USDC
0x3f9594a4b4803e337a08e27195a1f4e1d70aadfe,56.818,383.23,0.1482608355,4.940,USDT
0x243e23c83135ca0fed2f9f5df9068de644929433,"5,000",383.23,13.04699528,434.726,USDC
0xef090f7e575d421c6b9da4e9da9776bee771caff,"1,000",383.23,2.609399055,86.945,USDC
0x18637e9c1f3bbf5d4492d541ce67dcf39f1609a2,100,383.23,0.2609399055,8.695,USDT
0xc59821cbf1a4590cf659e2ba74de9bbf7612e538,"53,454",383.23,139.4828171,"4,647.567",USDC
0x788f7a5eb84cf256de67d5629d146a9654356f8c,113,383.23,0.2948620933,9.825,USDC
0x75d228291f2670546549563569d25ab1840fa897,"2,000",383.23,5.218798111,173.890,USDT
0x99b476d2d2a1d13b81454a11c81ab8211b18902d,"5,000.00",383.23,13.04699535,434.726,USDT
0x649e6e22ac45129889eac16f2d97c233ef0c3ea0,600,383.23,1.565639433,52.167,USDC
0xa7b66856b34bc50b0d52944dd1697fe0f5702f64,"1,000",383.23,2.609399055,86.945,USDC
0x0e224d54a12d4934a036b671fa051e363b4521e4,"1,045.00",383.23,2.726822099,90.858,USDC
0x875a7dfc5749eacfc5f2725e717d7b17cd5492fa,"1,200",383.23,3.131278866,104.334,USDT
0x6ae03180afab253c939397fd6d9d3975cb372707,"1,000",383.23,2.609399055,86.945,USDT
0xac98d36783266bc4fbae14751c69aff811406932,900,383.23,2.34845915,78.251,USDC
0x20961aa837950d9c8761dd21c42c2ab41eba84b5,825.883282,383.23,2.155059056,71.807,USDC
0xbbddd093d7c303eabedd9efc81d1c70f28dd17e8,"323,163.31",413.99193,780.6029187,"26,009.689",USDC
0xa5e47ccf086cf986847a32b3402fce810bbc30be,"1,324.08",413.99193,3.198315445,106.568,USDC
0x1a247288c2c33701ec69d6e61db10f1d17f7a1a1,203.47288,413.99193,0.491489967,16.376,USDC
0x788f7a5eb84cf256de67d5629d146a9654356f8c,500,413.99193,1.207753011,40.242,USDC
0xc343b65ec11dfb5dbe0f1d3af4b1a201fbe7de9b,"4,976",413.99193,12.01955797,400.492,USDT
0x1a247288c2c33701ec69d6e61db10f1d17f7a1a1,51.13594,413.99193,0.123519171,4.116,USDC
0xc5d25184bfbb97b9811280e1113b1ba04320bedf,200.584228,413.99193,0.4845124107,16.144,USDC
0x597c1ab2f0dc3b5fa6b1fbcd08c65f6e0e60c5c9,"17,975",413.99193,43.41872075,"1,446.712",USDC
0x78810ef439d6e1066f65fde217ed7d4a9721d4b1,250,413.99193,0.6038765055,20.121,USDC
0xb8a9e7fb56122c60aca6a253a56f65a48297f811,"5,000",413.99193,12.07753011,402.423,USDT
0x9237f3faf9b03e5bd54eccdc24eed2b277807f24,407.953277,399.416,1.021374399,34.032,USDT
0x9258fbcddf8174c5b13264297fc8379d00d04115,"2,769.76",399.416,6.934512125,231.058,USDC
0xc9bac923dea801614cb7995079e72c1cc03e1264,"2,115.96",399.416,5.297631404,176.517,USDC
0x243e23c83135ca0fed2f9f5df9068de644929433,"5,000",399.416,12.51827668,417.109,USDC
0xc43b60da1d1c8e87ed9445621419d292b0b3435a,"1,000",399.416,2.503655337,83.422,USDT
0xdfcdbd6ea18a1fac82736d1206a76fe972e45d56,"2,765",399.416,6.922607006,230.661,USDC
0x9e8c646220613d68eaf2b947f46c2b4f52bf3f45,"2,068.04",399.416,5.177652948,172.519,USDC
0xf18bee08e1018650bf1eac20323c870b416119c6,888,399.416,2.223245939,74.079,USDT
0xc89d39b810703dadec3e30d9fa81f1c686ba8fbb,"1,200",399.416,3.004386404,100.106,USDT
0x655f436c8e140a956ef2cae336e9151721718ad8,"25,000",399.416,62.59138342,"2,085.545",USDC
0x44186ae312de783cddd6d01c22451d052ea57f43,"1,000",399.416,2.503655337,83.422,USDT
0xe839b2e436782ec0f52724e72b68d1c70cbc8f35,"10,000",399.416,25.03655337,834.218,USDT
0x44186ae312de783cddd6d01c22451d052ea57f43,"1,000",399.416,2.503655337,83.422,USDT
0xe839b2e436782ec0f52724e72b68d1c70cbc8f35,"40,000",399.416,100.1462135,"3,336.872",USDT
0xe5c7d7a1dc2e2b03cb72bf16e3c2efaeb51505a1,"1,100",399.416,2.75402087,91.764,USDC
0x44186ae312de783cddd6d01c22451d052ea57f43,140,399.416,0.3505117472,11.679,USDT
0x32cabd3b393c4ec30e569fdb112885354ab15064,"5,000",399.416,12.51827668,417.109,USDT
0xdcaeff45e1cb6a57245cfbd98704b20dfa0382c4,"3,928.39",399.416,9.835329093,327.713,USDT
0xf5e10b867a3daa0a2aa634d8d0d4a631103081c4,"2,808",399.416,7.030264186,234.248,USDC
0xc2778fb651d0030476522d9918330cd41aae3ae8,"4,000",399.416,10.01462135,333.687,USDT
0xe839b2e436782ec0f52724e72b68d1c70cbc8f35,"1,000",399.416,2.503655337,83.422,USDT
0x44186ae312de783cddd6d01c22451d052ea57f43,"1,000",399.416,2.503655337,83.422,USDT
0x45beacbb0e144718e17deac4dd810a7501244c89,"1,000",399.416,2.503655337,83.422,USDC
0x1b87b6ef6de51d272bd30493d0761d9a8de6b3d0,"1,000",399.416,2.503655337,83.422,USDC
0x92989eb906d40c6385c9982b08c5953cbf763ab2,"7,556.70",399.416,18.91937208,630.393,USDC
0x14d7428990f27f2120d0e383b366ede559518fc7,"1,975.03",399.416,4.944787082,164.760,USDT
0xa1d3aebf32163c96ef9a5ebaa38981e04ea41365,"3,978.92",399.416,9.96183563,331.928,USDC
0xf5e10b867a3daa0a2aa634d8d0d4a631103081c4,"9,990",399.416,25.01151681,833.384,USDC
0x0770d4bf1685b9b0a218a7b21f142f656d395830,"1,140",399.416,2.854167084,95.101,USDC
0xe839b2e436782ec0f52724e72b68d1c70cbc8f35,100,399.416,0.2503655337,8.342,USDT
0x44186ae312de783cddd6d01c22451d052ea57f43,100,399.416,0.2503655337,8.342,USDT
0x13f5e942c3957274e3b0a74a3798f454c45d5a1b,"29,052.20",399.416,72.73669114,"2,423.587",USDC
0x2443f245944e7333208b90b540a975da83893332,750,399.416,1.877741503,62.566,USDT
0x38910403c3e3eaddcc771190ce154842f219db10,988.122989,399.416,2.473919395,82.431,USDC
0x577502784edd9b0d84d08334c30d378975e8f5ac,"9,981.03",399.416,24.98906696,832.636,USDT
0x24b3d50cb883619d41d813f977842fe320cab49c,735.413225,399.416,1.841221246,61.349,USDT
0xa3f2d88fb722d4f2a082edbf98354b81dc34829e,"5,429.59",399.416,13.59382306,452.946,USDC
0xd581f0b4493f6f5177165dca75b64f0fba02b61f,"2,438.78",399.416,6.105864562,203.447,USDC
0x1efb3038de631cfce0c0a231952c6b90d5d9cfe5,"4,041.24",399.416,10.11788308,337.128,USDC
0x13f5e942c3957274e3b0a74a3798f454c45d5a1b,"58,476.01",399.416,146.4037821,"4,878.174",USDT
0x6546ab8a46fb2e6351612f9645ec890affd18453,"1,000",399.416,2.503655337,83.422,USDT
0xdc2bbe1ec9dd004350aac5f9166e7d69c6b150a2,"4,976",399.416,12.45818896,415.107,USDT
0x5a5acd588a5b705d0d84f04dcdd4b82fc1484600,"2,376",399.416,5.94868508,198.210,USDT
0x8a960bec930af48a14b54f921c83fd52b2abdc23,884.135268,399.416,2.213569982,73.756,USDT
0x191c5e248e29426385f2e6b739f263c60b95aff1,"1,000",399.416,2.503655337,83.422,USDC
0xdd75c52a9eaf6a7506018c999d0f0e3280974689,"83,272.44",399.416,208.4854786,"6,946.736",USDC
0xc4f1a2f245768fd8c491e24f43f3497e352f0aa8,"1,155.27",399.416,2.892386259,96.374,USDT
0x77777773b18ee36340d769059b3159af2699ec67,"5,555",399.416,13.9078054,463.408,DAI
0xf55b6d78f31b7c9666dd74eda7d15d3569a91f28,"9,960",399.416,24.93640715,830.881,USDT
0x9870d6ee51ae8a95c42c5fea7134438aa61d4647,"1,989.55",399.416,4.981155592,165.972,USDC
0x297946c26171008ba8c0e5642814b5fe6b842ab7,"50,000",399.416,125.1827668,"4,171.090",DAI
0x20ff6dbde4aba9ad6272b4972d09bfce99f40544,"1,005.54",399.416,2.517521982,83.884,USDT
0xd6e2d2486b4344fee0fa84a63d81c053df579dba,500,399.416,1.251827668,41.711,USDC
0xd19f4f7c9df8c6bd134840bbcb9063588b9b5054,10,399.416,0.02503655337,0.834,USDC
0x01cd6fee9da9d3a544f3cf96e5bb73fe6b3f8f5a,"16,000",399.416,40.05848539,"1,334.749",USDC
0x1384b1246f86070e188bff13bf9cb11937708790,"2,000",399.416,5.007310674,166.844,DAI
0xc9a3671558884e6ac67a4ce34a68ca534d39d71c,"3,128.13",399.416,7.831752867,260.954,USDC
0xb23324742c160df56696b1395db8354e408b0a0b,"3,108.92",399.416,7.783652135,259.351,USDC
0x2e60c16c0ca834dcb62990e6757ed9d31cb52db1,"2,007.53",399.416,5.026167855,167.472,USDC
0x918080371d1aaf5678725a84e2cbdebd080d0a76,"2,012.24",399.416,5.037960162,167.865,USDC
0x225c4cfc17d5ee7bf3e682396b12c0f6a7709d7d,"1,500",399.416,3.755483005,125.133,USDC
0xbdc4d451dcab410dca2699fce2f25cf20f7ab61d,"10,050.00",399.416,25.16174365,838.389,USDC
0x8d520d016246f31fe7a676648f1fd5e55ec5562d,15,399.416,0.03755483005,1.251,DAI
0xd96dc025c835f155534a33a15d24482b257c7652,150,399.416,0.3755483005,12.513,USDC
0xd96dc025c835f155534a33a15d24482b257c7652,25,399.416,0.06259138342,2.086,DAI
0xd96dc025c835f155534a33a15d24482b257c7652,25,399.416,0.06259138342,2.086,USDT
0x8d520d016246f31fe7a676648f1fd5e55ec5562d,50,399.416,0.1251827668,4.171,USDC
0xc03410624c083468d97df3c56f56033a8d111680,500,399.416,1.251827668,41.711,USDC
0x872b90923c604bc6d9afba57d170eda1f47ad565,"117,652.64",399.416,294.5616671,"9,814.795",USDC
0x3e95e93ace1d56792d3ed326b3f20d32f050fd9f,300,381.42076,0.7865329617,26.207,USDC
0x1ecf823c05f97c390d86deff57c03ade4575c380,"138,024.20",381.42076,361.8686117,"12,057.462",USDC
0xdb42d8479c693c91dc27be83abf47858ac211162,"1,030.82",381.42076,2.702571216,90.050,USDC
0x069a7f4ad699fe56b6524996414e8def025485bd,760,381.42076,1.99255017,66.392,DAI
0x0e5b233019b448f0379c2f1e712bffe9a52c4770,"10,000",381.42076,26.21776539,873.576,USDT
0x594fd875ad3f6efcf51a9af3b9603438d1b26cbc,"4,580.59",381.42076,12.00928301,400.149,USDT
0x3dcdbd9e2bc163089964cc74c97d39aa7e65d633,400,381.42076,1.048710616,34.943,USDT
0xa5747c711b7c08983e992dd7aeec2eebc6b713df,"5,525",381.42076,14.48531538,482.651,DAI
0xa2dd2be421e26ca8bb6e6b224fec6f96ae2596bf,565,381.42076,1.481303744,49.357,USDT
0xecfd89584e4b33e8eeaa0aacd08c36dfef401c07,"10,578.89",381.42076,27.73548013,924.146,USDC
0xf6fe0b03452628f1dba358d1613ce9fdcc7ccde4,167.210652,381.42076,0.4383889645,14.607,USDT
0x152902d1d80c9478b1d246714d256ef15c6276fe,234.79993,381.42076,0.6155929479,20.512,DAI
0xa99dd874884774bc8e99ec2d743105eda63c95df,515.121182,381.42076,1.35053263,45.000,USDT
0xf59a5a36b969de497c4b4bb644122e7888b75c34,674.921806,381.42076,1.769494157,58.960,USDT
0x0c1f2b70c3448220e9e8ab864c3b378dd81342ce,"2,465",381.42076,6.462679168,215.336,USDC
0x93545389bf3b742427b66a4b2809d8f6c1699a00,"1,190.85",381.42076,3.122145391,104.030,USDC
0x6b4bd7b8fbd121e48ffe91de6df9388e7af11b64,"1,258.49",381.42076,3.299483715,109.939,USDC
0xc2b5a349d26a42a8949ab2c3f9415fd01a90db7a,"3,000",381.42076,7.865329617,262.073,USDC
0x83454050026c668ade1d37b2cdcc09c33166ae68,"1,650",381.42076,4.325931289,144.140,USDC
0x63f0a3660170a5c9cd4ca7b28b82f0011ffb37c4,"2,849.52",381.42076,7.470793525,248.927,USDC
0xca7e6c9b4481916ed72c9729727ffa52affdbc83,"5,000",381.42076,13.10888269,436.788,USDT
0x8f908b66629dd622b2b2343b360e6c4cdaf2b60b,758.704072,381.42076,1.989152536,66.279,USDT
0xbbddd093d7c303eabedd9efc81d1c70f28dd17e8,"256,398.87",381.42076,672.2205466,"22,398.389",USDC
0x88c222066753b2da14cb34d759441d5ac9d2314f,474.5,379.5780859,1.250072166,41.652,USDC
0x4c1115b49a9e55152d025372fa0ec4db3a99cc49,204.933846,379.5780859,0.5398990448,17.989,DAI
0xe839b2e436782ec0f52724e72b68d1c70cbc8f35,"150,000",379.5780859,395.1756057,"13,167.251",USDT
0x44186ae312de783cddd6d01c22451d052ea57f43,"99,982.55",379.5780859,263.4044382,"8,776.636",USDT
0x484299bc1a8b8d2bd5470b11dee14602cc0e886d,"6,005.44",379.5780859,15.82135593,527.168,USDC
0x8cd3bec93d81f900f4faef7f40259d392b616a7e,"8,473.14",379.5780859,22.3225235,743.786,USDT
0x249c6faf32cb676ee2003cebfd8ec8692dfe74ba,"1,000",379.5780859,2.634504038,87.782,USDT
0x3ef8e8cd580e7a32b8f11d8ab93acabe3b5a6106,"2,690",379.5780859,7.086815862,236.133,USDT
0xe5e89e3c821ec477719cbfa3be1fadf5aed23b68,"5,000",379.5780859,13.17252019,438.908,USDC
0xd9ddf715608e48820fb445fd1376c45afdfe729f,20,379.5780859,0.05269008076,1.756,DAI
0xd9ddf715608e48820fb445fd1376c45afdfe729f,450.04702,379.5780859,1.185650692,39.506,DAI
0xcf420c639b122b5c1c150dc49e8c0b27a01dc0a6,"1,500",379.5780859,3.951756057,131.673,USDT
0xbb2ffef531cb0b573c5e3ca3762c098e436b0f3d,48.9016,379.5780859,0.1288314627,4.293,DAI
0x1b54aa56c6841695b38a6731cde17cfc0e077cba,530,379.5780859,1.39628714,46.524,USDC
0xa9ebb5285d01226aa31d11366635069ae7474428,"2,001.60",379.5780859,5.273215384,175.704,USDT
0x79c1134a1dfdf7e0d58e58cafc84a514991372e6,"12,500",379.5780859,32.93130048,"1,097.271",USDC
0xc7bda303343476d8140acc70dadc6ee2ef5ec156,"1,359.14",379.5780859,3.580665114,119.308,USDT
0xb3e0cf575be1b73506ed66690bf8c51b312dc378,150,379.5780859,0.3951756057,13.167,USDC
0x2cf6fe97a70cf4cbf8b107861b05b2166d9ed45d,"2,388.02",379.5780859,6.291255934,209.625,USDC
0x39a56e1ade957dccc5d235a5eada60e425d0df7d,"4,999",379.5780859,13.16988569,438.821,USDT
0xb0165861f99b319e8ffaf90dfccad6dc36175afc,"4,000",379.5780859,10.53801615,351.127,USDT
0xf6bdab64303807f4e040201c809b073fae56a796,"2,000",379.5780859,5.269008076,175.563,USDT
0x265d18630e53341d309feaf4bdb24180d27d8091,"5,000",379.5780859,13.17252019,438.908,USDC
0x282b68539893c1b2847f8d5f298d53ebfbebaa12,173.12005,379.5780859,0.4560854708,15.197,USDT
0xd6d8957449f2a98cc2a995a9899cc3360ba1764c,"21,191.84",379.5780859,55.8299875,"1,860.255",USDT
0xa52cb26139876d6e26817fbbd67dc219fc44aa81,970,379.5780859,2.555468917,85.148,USDC
0x4a6b57491c6537abaad435ec4c48f7452817ac94,"80,000",379.5780859,210.760323,"7,022.534",USDC
0xa1d3aebf32163c96ef9a5ebaa38981e04ea41365,"10,045.43",379.5780859,26.46472069,881.804,USDC
0xde6a03bb34ded96088435076c0d44ccfdd38c510,100,379.5780859,0.2634504038,8.778,USDT
0x9af6b6f2a118ff0a07690e0ed2c1631608390cc6,611.557764,379.5780859,1.611151399,53.684,USDT
0xa1fc8a55f6031e67dda0659fa335ce196df3324b,280,379.5780859,0.7376611307,24.579,DAI
0xd73b3a4f83248fdcbad16cc22a109fb8f5032336,"2,093.25",379.5780859,5.514682043,183.749,USDT
0x49cdbee64d5e43327853466df123ea4537a6240c,"1,250",379.5780859,3.293130048,109.727,USDC
0xf9bc563fb4929c58ea39a8a7c2a54aa21a59ac73,"1,471.21",379.5780859,3.875901417,129.145,USDT
0x0b20b9bd6ea6f9d75c3eb676e703056e1b7538e3,"1,134.70",379.5780859,2.989379514,99.606,USDT
0x6934ddd053a01f06859e9c0bce5f5ef4aaf8f26f,"1,000",379.5780859,2.634504038,87.782,USDC
0xbbddd093d7c303eabedd9efc81d1c70f28dd17e8,"5,000",379.5780859,13.17252019,438.908,USDC
0x7ad3ca0c9e04fc665fd6e6e032dc3d826737914c,"1,340.27",379.5780859,3.530934636,117.651,DAI
0x3942ae3782fbd658cc19a8db602d937baf7cb57a,"45,000",379.5780859,118.5526817,"3,950.175",DAI
0x77ee4d4a7f1ad39f50197f6058860c06191074c0,"2,000",379.5780859,5.269008076,175.563,USDC
0xef87e537439acc5dc5fa697abb17834e8ee7f8a8,"1,079.09",379.5780859,2.842863005,94.724,USDT
0xadc5a1519536518d5351a9c1ea515df060077c92,"10,453.13",379.5780859,27.53880989,917.593,USDC
0x1bbfa662a802d0a5dd880e80801649600e6c6d42,"2,000",379.5780859,5.269008076,175.563,USDT
0x0b20b9bd6ea6f9d75c3eb676e703056e1b7538e3,"2,592.62",379.5780859,6.830277639,227.585,USDT
0xf8a36513bf4720f6b7e64d90d8dd70f57c80606f,"5,000",379.5780859,13.17252019,438.908,USDT
0x4a895764934ca19652d29630e6da7601a7efbe24,"7,000",379.5780859,18.44152827,614.472,USDC
0x0b20b9bd6ea6f9d75c3eb676e703056e1b7538e3,"7,410.06",379.5780859,19.52182867,650.467,USDT